node_id,lat,lon,street_count
253179982,12.9812376,77.6460148,3
253179989,12.97269,77.6469399,4
253179991,12.970966,77.6473157,4
286682015,12.970321,77.6435139,3
287908996,12.9824434,77.6407004,4
355428742,12.9790845,77.6408871,3
412119404,12.9708256,77.6419,3
421262977,12.9758272,77.6467377,3
421262997,12.9767847,77.6459938,3
421264364,12.9785057,77.6457201,4
421264365,12.9745763,77.64682,3
421264366,12.9771543,77.6409843,3
421264367,12.9739342,77.6435389,3
421264368,12.9739831,77.6452788,3
421264369,12.9756821,77.6422676,3
421264370,12.9757018,77.6428741,3
421264372,12.9766464,77.6416448,3
421264373,12.9767674,77.645449,3
421264374,12.9773446,77.6466492,3
421264375,12.9772242,77.6429127,3
421264376,12.9771826,77.6416237,3
421264378,12.977822,77.6457603,3
421264380,12.9757867,77.6454914,3
421264381,12.9738771,77.6417484,4
421264385,12.9783621,77.6415649,3
421264386,12.9784075,77.6428777,4
421264387,12.9784527,77.6441879,4
421264394,12.9745039,77.6450655,3
421264395,12.9745498,77.6461247,3
421264396,12.9758049,77.6460523,4
421265107,12.9792336,77.6456412,4
421265109,12.9791854,77.6441054,4
421265110,12.9791405,77.6426714,3
421265112,12.9787801,77.6428571,3
423744833,12.9739177,77.6431338,3
423744834,12.9733949,77.6431553,4
423744839,12.9708605,77.6432713,4
423744840,12.9703152,77.6432979,3
423744841,12.9750577,77.643494,4
423744842,12.975663,77.6416813,4
423744886,12.9777738,77.6442263,4
423744887,12.9776913,77.6415952,4
423744889,12.9773153,77.6457877,3
423744890,12.9772197,77.6427879,3
423744891,12.9772393,77.6434028,3
423744892,12.9772671,77.6442483,3
423744893,12.9766264,77.6410151,3
423744894,12.9766837,77.6428175,4
423744895,12.976703,77.6434253,4
423744896,12.975721,77.6434665,4
423744897,12.9749864,77.6417062,3
423744898,12.9744143,77.6417274,3
423744899,12.9744886,77.6435173,4
423744900,12.9751163,77.6449652,3
423744919,12.9756441,77.6410581,3
423744929,12.9751612,77.6460907,3
448305147,12.973349,77.6417683,3
448305148,12.9735166,77.6468796,4
448306386,12.9720697,77.6432224,3
448306390,12.9720342,77.6418347,4
448306395,12.972019,77.6412389,3
448306746,12.9708383,77.6423957,3
448306747,12.9708498,77.6428471,3
448306748,12.9733795,77.6426992,3
448306749,12.9733661,77.6422799,3
448306750,12.9720474,77.6423486,4
448306751,12.9720582,77.6427742,4
448307449,12.9725899,77.6432036,3
448307453,12.9709045,77.6449588,4
448307454,12.9734496,77.6448404,4
448307457,12.9716868,77.6449247,4
448307458,12.9726548,77.6448838,4
448308010,12.9739768,77.6448226,3
470899603,12.9745035,77.6438857,1
478413769,12.9766649,77.6422257,3
478415543,12.9716463,77.6432358,3
486964297,12.9703395,77.6440983,3
491866469,12.968761,77.648744,3
491866470,12.9692275,77.6488534,5
491866474,12.9719545,77.6490967,3
491866517,12.9720175,77.6499498,3
491866519,12.9721797,77.6507272,4
736207255,12.9831523,77.6381837,3
736207324,12.980757,77.6401189,3
736207362,12.9816132,77.6400865,3
736207379,12.9827917,77.6382008,3
736207509,12.9823263,77.6386724,3
736207511,12.9823004,77.638224,4
736207529,12.980756,77.6396502,3
736207543,12.980755,77.6391992,3
736207552,12.9815501,77.6391718,3
736207577,12.9824062,77.6400563,3
736207607,12.9829234,77.6405761,3
736207620,12.9823534,77.6391413,3
736207640,12.9824372,77.6405929,4
960504303,12.9688551,77.6480677,3
1317176280,12.9709911,77.6479757,4
1317176299,12.9712532,77.6494468,3
1317176300,12.9714922,77.6507824,3
1328155425,12.9684299,77.6504272,3
1328155427,12.971879,77.6507499,3
1328155440,12.9703578,77.6508775,3
1328610664,12.9811006,77.6470526,3
1336840359,12.968525,77.6500778,3
1336840409,12.9699961,77.6504602,3
1336840471,12.9699835,77.6501268,3
1339408083,12.9697142,77.6494076,3
1339408095,12.969708,77.6492039,3
1339408101,12.9690431,77.6499407,3
1339408130,12.968995,77.6502239,3
1339408148,12.9709695,77.6508262,3
1339408165,12.9706495,77.650853,3
1339408186,12.9697347,77.6500797,3
1339408212,12.9691862,77.6490972,3
1420066803,12.9697775,77.6475717,3
1420066813,12.9703599,77.6449745,3
1462139757,12.9799852,77.6408488,4
1462139759,12.9809046,77.6442701,3
1462139760,12.9819345,77.6413707,3
1462139764,12.979197,77.6444748,3
1462139766,12.980962,77.6439001,3
1462139769,12.9799891,77.6414057,3
1500356589,12.9714535,77.6505691,3
1500356591,12.9702455,77.6489793,3
1500356593,12.9719353,77.6495445,3
1500356596,12.9703883,77.6480851,3
1500356611,12.9711814,77.6490442,4
1500356614,12.9705405,77.6490123,4
1500356616,12.9699505,77.6489435,3
1500356621,12.9703455,77.6503299,3
1500356623,12.9706214,77.650383,3
1500356625,12.9699874,77.6502688,3
1500723968,12.9712736,77.6508007,3
1500723973,12.971584,77.6507747,3
1500723974,12.9716284,77.6495006,3
1500736131,12.9693168,77.6483271,3
1500736132,12.9724856,77.6476427,3
1500741746,12.971128,77.648745,3
1500741747,12.9722833,77.6481967,3
1500741749,12.9710687,77.6484126,3
1500741750,12.9720583,77.6487761,3
1500742635,12.9724422,77.6455941,3
1500742637,12.9726712,77.6460029,3
1563301976,12.9801668,77.6470617,3
1563301979,12.9804531,77.6476871,1
1563301981,12.9801592,77.64768,1
1563301989,12.980099,77.6443666,4
1563301990,12.9809818,77.6454729,3
1563301992,12.9801829,77.6455364,3
1563301999,12.9804576,77.6470606,3
1563306444,12.9821214,77.6458239,4
1563309904,12.9815287,77.644207,3
1563309905,12.9823411,77.6413923,3
1563309909,12.9817245,77.6432895,3
1563314088,12.9814277,77.6431861,4
1563314094,12.9820029,77.6413728,3
1563314096,12.981207,77.644238,3
1563314098,12.9811497,77.643072,3
1563316282,12.981751,77.645133,3
1563316284,12.9800734,77.6440053,4
1756917763,12.9791725,77.6437122,3
1758230707,12.9704733,77.648555,3
1763359261,12.9703758,77.6455569,3
1842455497,12.9709213,77.6456416,3
1842455499,12.9709401,77.6463762,3
1842455501,12.9714217,77.6456226,3
1842455503,12.9714276,77.6461106,1
1842455520,12.9716822,77.6463023,1
1842455522,12.971973,77.6463063,3
1842455524,12.9719896,77.6470815,4
1842455527,12.9722167,77.6461814,4
1842455528,12.9722779,77.6470124,3
1842455529,12.9724133,77.6457806,3
1842455530,12.9724706,77.6461814,3
1842455531,12.9724277,77.6469818,3
1842455533,12.9730552,77.6455199,3
1842455534,12.9730724,77.6459855,3
1842455535,12.9734602,77.645192,3
1842455536,12.9734681,77.6454887,3
2268586300,12.9791266,77.6422284,3
2268586310,12.9797282,77.6455863,3
2268586318,12.9801163,77.6446084,3
2268586320,12.9801936,77.6462445,3
2268586322,12.9804555,77.6473495,3
2268586324,12.9809746,77.64607,3
2268586326,12.9810888,77.6476705,1
2268586328,12.9810942,77.6473324,3
3152690637,12.9811504,77.6465377,4
3352035440,12.9822659,77.6376268,4
3352035441,12.9828791,77.6374502,4
3369884080,12.9773209,77.6459638,3
3369884089,12.9785034,77.6428734,4
3369884090,12.9785481,77.644178,4
3369884091,12.9785895,77.6457121,4
3369913191,12.9827484,77.637503,3
3370055425,12.9815688,77.63944,3
3370055428,12.9819711,77.6394126,4
3370055430,12.9823684,77.639401,3
3370171491,12.9815832,77.6396508,3
3370175096,12.9819502,77.6391566,3
3370175097,12.9819882,77.6396263,3
3370175098,12.9823803,77.6396071,3
3370456519,12.9731216,77.6469801,4
3370456520,12.974035,77.6467456,2
3370456525,12.981155,77.6461024,3
3384284847,12.9833621,77.6417663,1
3384284869,12.9838303,77.6413992,3
3384284888,12.9839104,77.6418741,1
3384288941,12.984291,77.6413407,3
3387828981,12.9793788,77.6422196,1
3387829500,12.9801055,77.6455449,3
3389131729,12.9837243,77.6409403,1
3506426909,12.9777321,77.6428977,4
3530536223,12.9690795,77.6497258,3
3530536224,12.9691178,77.6495002,3
3530536225,12.9697213,77.6496402,3
3530536226,12.9697277,77.6498503,3
3530536227,12.9705859,77.6493329,3
3530536228,12.9705947,77.6496585,3
3530536229,12.9706058,77.6499601,3
3530536230,12.9713538,77.6500106,3
3530536231,12.9712375,77.6493588,3
3530536232,12.9713,77.649709,3
3563294493,12.9799875,77.6411705,3
3563294494,12.9790961,77.6412569,3
3706026737,12.9712443,77.6463775,1
3726120778,12.9838042,77.6396887,3
3726120783,12.9841115,77.6396688,1
3726150980,12.9799934,77.6420185,1
3887138916,12.9709139,77.6453534,3
3887138936,12.9716943,77.6453131,3
3887138937,12.9722859,77.6452888,1
4101591489,12.9812689,77.6428134,3
4202330449,12.9726073,77.6436537,3
4202330450,12.9726375,77.6444367,3
4202330453,12.972979,77.6436361,3
4202330456,12.9730157,77.6444123,3
4202330457,12.9734098,77.6436157,3
4202330458,12.9734348,77.6443854,3
4202336813,12.9708713,77.6436867,3
4202336814,12.9708932,77.6445448,3
4202336815,12.9716585,77.6436734,3
4202336816,12.9716765,77.6445182,3
4333461582,12.9811409,77.6468065,3
4333461584,12.9807741,77.6467916,1
4386562995,12.9812344,77.6444965,1
4386562996,12.9812344,77.6446497,4
4386562998,12.9815957,77.6446882,1
4386562999,12.9820968,77.6455915,3
4386563000,12.9822707,77.6447342,1
4386563001,12.9824117,77.6457626,3
4467762320,12.9815694,77.6444451,1
4474675120,12.9804537,77.647606,3
4474675122,12.9805354,77.646733,1
4474675127,12.9810879,77.6475377,3
4474675140,12.9813803,77.6476492,1
4474692831,12.969152,77.6492985,3
4474692928,12.9699582,77.6492175,3
4725358883,12.9728066,77.6455361,1
5164915354,12.9801498,77.6450749,3
5251934694,12.9716879,77.6467699,1
5251934695,12.9709508,77.6467956,3
5336663607,12.980756,77.6454752,3
5375145474,12.981271,77.6413783,3
5469373779,12.9808127,77.6449014,3
5469373780,12.9812168,77.6449061,4
5469373781,12.9816094,77.6449415,1
6133955228,12.9694338,77.6476374,3
6136526267,12.9727029,77.6470086,3
6137935141,12.9778707,77.6467011,3
6137935142,12.9778688,77.6466261,3
6197065811,12.9709121,77.650448,3
6197065812,12.9708996,77.6499794,3
6424016578,12.9710656,77.6499908,3
6424016579,12.9710883,77.6504874,3
6426357731,12.970668,77.6480363,3
6426357732,12.9708332,77.6490215,3
6485070843,12.9702436,77.6412379,4
6485070845,12.9702849,77.641934,3
6485070847,12.9703124,77.6431925,3
6485075159,12.9739915,77.6458159,2
6901551440,12.9829593,77.6374258,3
7488252791,12.9837963,77.6414016,3
7488252816,12.9801394,77.6458109,3
7488252817,12.9803262,77.645786,1
7488252818,12.9799329,77.6458874,1
7488252819,12.9801451,77.6458575,3
9351941623,12.9856986,77.6450326,4
10182013927,12.9800978,77.6463327,3
10182013928,12.9801644,77.6467168,1
10182013932,12.9815352,77.6451886,1
10182013933,12.9812067,77.645168,3
10291078964,12.9857249,77.6451284,4
11012314119,12.9715897,77.6456104,3
11012314120,12.9715911,77.6459248,1
11012318041,12.9714496,77.6486893,3
11012318042,12.9721561,77.6485449,3
11015767999,12.9786249,77.6466522,3
11386898670,12.981648,77.6451268,1
11494414329,12.9783397,77.6409171,4
11494414330,12.9784242,77.640913,4
11497593334,12.9786208,77.6465855,4
11497593335,12.9785359,77.6465944,4
11497593343,12.9792587,77.6464415,4
11497593344,12.9792661,77.6465103,4
11497593348,12.9807647,77.6460713,1
11497616784,12.9702524,77.6413301,4
11497616798,12.9776726,77.6410007,1
11909580134,12.9829422,77.6373708,3
12107761069,12.9719978,77.647142,3
12107761079,12.9719193,77.6471273,3
12107761085,12.9731214,77.6469065,4
12107777014,12.9785419,77.6466626,3
12189334800,12.9740377,77.6468486,4
12239510691,12.9821338,77.6458898,3
12364203537,12.981039,77.6454728,1
12692472176,12.9840371,77.6405308,4
12692472177,12.9840614,77.6406191,4
12692472178,12.9841222,77.6405203,3
12692472179,12.9841506,77.6405953,3
13373931596,12.9738609,77.6411203,4
13849804075,12.9791514,77.6430197,3
