from,to,key,length,speed_kph,travel_time,highway,name,oneway,lanes
253179982,10182013933,0,91.90893905286062,40.0,8.271804514757456,residential,4th Cross Road,False,
253179982,1563306444,0,100.42952237708823,40.0,9.03865701393794,secondary,80 Feet Road,True,2
253179989,6136526267,0,7.581070594741002,40.0,0.6822963535266902,residential,9th Main Road,False,
253179989,1500742637,0,101.55268305044153,40.0,9.139741474539738,residential,9th Main Road,False,
253179989,12107761085,0,48.106485215682845,40.0,4.329583669411456,secondary,80 Feet Road,True,2
253179991,12107761079,0,107.95015888837608,40.0,9.715514299953847,secondary,80 Feet Road,False,4
253179991,1317176280,0,71.57060076371435,40.0,6.441354068734292,residential,4th Main Road,False,
253179991,5251934695,0,56.386464415079566,40.0,5.0747817973571605,residential,11th Main Road,False,
286682015,486964297,0,63.357877198156615,40.0,5.7022089478340945,tertiary,12th Main Road,False,2
286682015,423744840,0,23.414235019916426,40.0,2.107281151792478,tertiary,12th Main Road,False,2
287908996,736207640,0,11.668312657390695,40.0,1.0501481391651626,tertiary,2nd Main Road,False,
287908996,1563309905,0,82.65988576094742,40.0,7.439389718485267,residential,5th Cross Road,False,
287908996,1462139757,0,273.81258351599183,40.0,24.643132516439266,primary,100 Feet Road,True,2
355428742,3563294494,0,40.0901716392668,40.0,3.608115447534012,tertiary,Sri Krishna Temple Road,False,2
355428742,11494414330,0,73.47698317214763,40.0,6.612928485493286,primary,100 Feet Road,True,2
412119404,448306746,0,53.73156215463016,40.0,4.835840593916714,residential,11th Main Road,False,
412119404,448306390,0,134.57652107517612,40.0,12.111886896765851,residential,1st Cross Road,False,
412119404,6485070845,0,60.23595365664404,40.0,5.421235829097963,residential,1st Cross Road,False,
421262977,421264374,0,168.99970365869643,40.0,15.209973329282679,secondary,80 Feet Road,True,2
421262977,421264396,0,74.3083881043437,40.0,6.687754929390933,residential,3rd Main Road,False,
421262997,421264373,0,59.06329753872675,40.0,5.315696778485408,residential,2nd Main Road,False,2
421262997,421264396,0,109.13318712763731,40.0,9.821986841487357,residential,6th Cross Road,False,
421262997,3369884080,0,59.71135153965397,40.0,5.374021638568857,residential,6th Cross Road,False,
421264364,3369884091,0,9.358380595275875,40.0,0.8422542535748287,residential,1st A Cross Road,False,
421264364,421264387,0,166.1254060505626,40.0,14.951286544550632,secondary,Chinmaya Mission Hospital Road,True,2
421264364,421264378,0,76.15086802243408,40.0,6.853578122019067,residential,1st Cross Road,False,
421264365,421264395,0,75.39770835069375,40.0,6.785793751562437,residential,5th Main Road,False,
421264365,421262977,0,139.37983419804732,40.0,12.544185077824258,secondary,80 Feet Road,True,2
421264366,423744893,0,58.794679278486754,40.0,5.291521135063808,primary,100 Feet Road,True,2
421264366,421264376,0,69.35397825554746,40.0,6.2418580429992705,residential,1st Main Road,False,2
421264367,423744899,0,61.69096857976585,40.0,5.552187172178926,residential,4th Cross Road,False,
421264367,448308010,0,139.17789818544372,40.0,12.526010836689933,tertiary,6th Main Road,False,
421264367,423744833,0,43.933558195631676,40.0,3.9540202376068505,tertiary,6th Main Road,False,
421264368,421264394,0,62.35221159763353,40.0,5.611699043787017,residential,5th Cross Road,False,
421264368,6485075159,0,58.20577422875112,40.0,5.238519680587601,tertiary,6th Main Road,False,
421264368,448308010,0,49.43720304805083,40.0,4.449348274324575,tertiary,6th Main Road,False,
421264369,423744842,0,63.56447967334301,40.0,5.720803170600871,residential,3rd Main Road,False,
421264369,478413769,0,109.37679587183904,40.0,9.843911628465513,residential,2nd Cross Road,False,
421264369,421264370,0,65.75426861110783,40.0,5.917884174999705,residential,3rd Main Road,False,
421264370,423744896,0,64.22544327483295,40.0,5.780289894734966,residential,3rd Main Road,False,
421264370,423744894,0,109.35456430562274,40.0,9.841910787506047,residential,3rd Cross Road,False,
421264370,421264369,0,65.75426861110783,40.0,5.917884174999705,residential,3rd Main Road,False,
421264372,478413769,0,62.977224944578296,40.0,5.667950245012047,residential,2nd Main Road,False,2
421264372,423744842,0,109.42074440490207,40.0,9.847866996441185,residential,1st Cross Road,False,
421264372,423744893,0,68.26759980240374,40.0,6.144083982216336,residential,2nd Main Road,False,2
421264373,421262997,0,59.06329753872675,40.0,5.315696778485408,residential,2nd Main Road,False,2
421264373,421264380,0,109.1457548827203,40.0,9.823117939444826,residential,5th Cross Road,False,
421264373,423744895,0,219.39553456112418,40.0,19.745598110501174,residential,2nd Main Road,False,2
421264374,3369884080,0,74.31663146598697,40.0,6.688496831938828,residential,1st Main Road,False,2
421264374,6137935142,0,58.34224156270114,40.0,5.2508017406431025,secondary,80 Feet Road,True,2
421264375,423744890,0,13.531970561182629,40.0,1.2178773505064366,residential,1st Main Road,False,2
421264375,423744891,0,53.13136775391586,40.0,4.781823097852427,residential,1st Main Road,False,2
421264375,3506426909,0,56.49940657079253,40.0,5.084946591371327,residential,2nd Cross Road,False,
421264376,423744890,0,126.21445056332774,40.0,11.359300550699498,residential,1st Main Road,False,2
421264376,421264366,0,69.35397825554746,40.0,6.2418580429992705,residential,1st Main Road,False,2
421264376,423744887,0,56.64947692713765,40.0,5.098452923442388,residential,1st Cross Road,False,2
421264378,423744886,0,166.3027200672294,40.0,14.967244806050644,residential,Old Syndicate Bank Road,False,
421264378,421264364,0,76.15086802243408,40.0,6.853578122019067,residential,1st Cross Road,False,
421264378,423744889,0,56.42075219843035,40.0,5.077867697858731,residential,1st Cross Road,False,
421264380,421264396,0,60.81040644587757,40.0,5.472936580128981,residential,3rd Main Road,False,
421264380,421264373,0,109.1457548827203,40.0,9.823117939444826,residential,5th Cross Road,False,
421264380,423744896,0,219.53112257413136,40.0,19.75780103167182,residential,3rd Main Road,False,
421264381,448305147,0,58.761700395684166,40.0,5.288553035611574,residential,1st Cross Road,False,
421264381,423744898,0,59.77732401611134,40.0,5.379959161450021,residential,1st Cross Road,False,
421264381,423744833,0,150.18502570594583,40.0,13.516652313535124,tertiary,6th Main Road,False,
421264381,13373931596,0,68.08269313099309,40.0,6.127442381789378,tertiary,6th Main Road,False,
421264385,11494414329,0,70.23630021333575,40.0,6.321267019200217,secondary,Chinmaya Mission Hospital Road,True,2
421264385,423744887,0,74.66231202092233,40.0,6.719608081883009,residential,1st Cross Road,False,2
421264386,421264385,0,142.3374563414659,40.0,12.810371070731929,secondary,Chinmaya Mission Hospital Road,True,2
421264386,3369884089,0,10.673782487949193,40.0,0.9606404239154274,residential,2nd Cross Road,False,
421264386,3506426909,0,75.13246389845871,40.0,6.761921750861283,residential,2nd Cross Road,False,
421264387,421264386,0,142.0550975797681,40.0,12.78495878217913,secondary,Chinmaya Mission Hospital Road,True,2
421264387,3369884090,0,10.662110659729969,40.0,0.9595899593756972,residential,2nd Cross Road,False,
421264387,423744886,0,75.6049271072114,40.0,6.804443439649026,residential,1st A Cross Road,False,
421264394,421264368,0,62.35221159763353,40.0,5.611699043787017,residential,5th Cross Road,False,
421264394,423744900,0,69.52422322861709,40.0,6.257180090575538,residential,5th Cross Road,False,
421264394,421264395,0,114.88439031024171,40.0,10.339595127921754,residential,5th Main Road,False,
421264395,423744929,0,68.08442243912619,40.0,6.127598019521357,residential,6th Cross Road,False,
421264395,421264365,0,75.39770835069375,40.0,6.785793751562437,residential,5th Main Road,False,
421264395,421264394,0,114.88439031024171,40.0,10.339595127921754,residential,5th Main Road,False,
421264396,421264380,0,60.81040644587757,40.0,5.472936580128981,residential,3rd Main Road,False,
421264396,423744929,0,71.69711287847457,40.0,6.452740159062711,residential,6th Cross Road,False,
421264396,421262997,0,109.13318712763731,40.0,9.821986841487357,residential,6th Cross Road,False,
421264396,421262977,0,74.3083881043437,40.0,6.687754929390933,residential,3rd Main Road,False,
421265107,1462139764,0,126.44987967923524,40.0,11.38048917113117,tertiary,Sri Krishna Temple Road,False,2
421265107,11497593343,0,86.76118430694308,40.0,7.808506587624876,tertiary,Sri Krishna Temple Road,False,2
421265107,3369884091,0,72.03240532788898,40.0,6.482916479510009,residential,1st A Cross Road,False,
421265107,2268586310,0,55.317874652381846,40.0,4.978608718714366,residential,1st A Cross Road,False,
421265109,1462139764,0,40.0468334984575,40.0,3.604215014861175,tertiary,Sri Krishna Temple Road,False,2
421265109,1756917763,0,42.629028618991335,40.0,3.83661257570922,tertiary,Sri Krishna Temple Road,False,2
421265109,1563316284,0,99.33515577393653,40.0,8.940164019654288,residential,2nd Cross Road,False,
421265109,3369884090,0,71.29991734948216,40.0,6.416992561453394,residential,2nd Cross Road,False,
421265110,13849804075,0,37.75924535155143,40.0,3.3983320816396287,tertiary,Sri Krishna Temple Road,False,2
421265110,2268586300,0,48.02581626815727,40.0,4.322323464134154,tertiary,Sri Krishna Temple Road,False,2
421265110,421265112,0,44.84833041956154,40.0,4.036349737760538,residential,2nd Cross Road,False,
421265112,3369884089,0,30.81833430839753,40.0,2.7736500877557777,residential,2nd Cross Road,False,
421265112,13849804075,0,44.88879952978152,40.0,4.039991957680337,residential,2nd Cross Road,False,
421265112,421265110,0,44.84833041956154,40.0,4.036349737760538,residential,2nd Cross Road,False,
423744833,423744834,0,58.17945169427351,40.0,5.236150652484615,residential,4th Cross Road,False,
423744833,421264367,0,43.933558195631676,40.0,3.9540202376068505,tertiary,6th Main Road,False,
423744833,421264381,0,150.18502570594583,40.0,13.516652313535124,tertiary,6th Main Road,False,
423744834,448307449,0,89.66491356044477,40.0,8.069842220440028,residential,4th Cross Road,False,
423744834,423744833,0,58.17945169427351,40.0,5.236150652484615,residential,4th Cross Road,False,
423744834,448306748,0,49.45117927970229,40.0,4.450606135173206,residential,7th Main Road,False,
423744834,4202330457,0,49.91495715684552,40.0,4.492346144116096,residential,7th Main Road,False,
423744839,4202336813,0,45.027874624625184,40.0,4.052508716216266,residential,11th Main Road,False,
423744839,448306747,0,45.98080459916267,40.0,4.138272413924639,residential,11th Main Road,False,
423744839,478415543,0,87.46172952170444,40.0,7.8715556569534,residential,4th Cross Road,False,
423744839,423744840,0,60.703744195524386,40.0,5.463336977597194,residential,4th Cross Road,False,
423744840,6485070847,0,11.425187430097326,40.0,1.0282668687087593,tertiary,12th Main Road,False,2
423744840,423744839,0,60.703744195524386,40.0,5.463336977597194,residential,4th Cross Road,False,
423744840,286682015,0,23.414235019916426,40.0,2.107281151792478,tertiary,12th Main Road,False,2
423744841,423744896,0,73.81586734077281,40.0,6.643428060669552,residential,4th Cross Road,False,
423744841,423744897,0,193.8811239164134,40.0,17.449301152477204,residential,4th Main Road,False,
423744841,423744899,0,63.33146642296168,40.0,5.699831978066551,residential,4th Cross Road,False,
423744841,423744900,0,159.54650292871872,40.0,14.359185263584685,residential,4th Main Road,False,
423744842,421264369,0,63.56447967334301,40.0,5.720803170600871,residential,3rd Main Road,False,
423744842,421264372,0,109.42074440490207,40.0,9.847866996441185,residential,1st Cross Road,False,
423744842,423744897,0,75.28295705248983,40.0,6.775466134724084,residential,1st Cross Road,False,
423744842,423744919,0,67.56003085625676,40.0,6.0804027770631075,residential,3rd Main Road,False,
423744886,421264378,0,166.3027200672294,40.0,14.967244806050644,residential,Old Syndicate Bank Road,False,
423744886,3506426909,0,144.03492861409694,40.0,12.963143575268724,residential,Old Syndicate Bank Road,False,
423744886,421264387,0,75.6049271072114,40.0,6.804443439649026,residential,1st A Cross Road,False,
423744886,423744892,0,56.393083776729654,40.0,5.075377539905669,residential,1st A Cross Road,False,
423744887,3506426909,0,141.20513446514514,40.0,12.708462101863061,residential,Old Syndicate Bank Road,False,
423744887,11497616798,0,64.45053749495207,40.0,5.800548374545686,residential,Old Syndicate Bank Road,False,
423744887,421264376,0,56.64947692713765,40.0,5.098452923442388,residential,1st Cross Road,False,2
423744887,421264385,0,74.66231202092234,40.0,6.719608081883011,residential,1st Cross Road,False,2
423744889,423744892,0,166.88787312921067,40.0,15.01990858162896,residential,1st Main Road,False,2
423744889,3369884080,0,19.09148276518362,40.0,1.7182334488665258,residential,1st Main Road,False,2
423744889,421264378,0,56.42075219843035,40.0,5.077867697858731,residential,1st Cross Road,False,
423744890,421264376,0,126.21445056332774,40.0,11.359300550699498,residential,1st Main Road,False,2
423744890,421264375,0,13.531970561182629,40.0,1.2178773505064366,residential,1st Main Road,False,2
423744890,423744894,0,59.686800876197765,40.0,5.371812078857799,residential,3rd Cross Road,False,
423744891,421264375,0,53.13136775391586,40.0,4.781823097852427,residential,1st Main Road,False,2
423744891,423744892,0,91.66635938203994,40.0,8.249972344383595,residential,1st Main Road,False,2
423744891,423744895,0,59.68373837028635,40.0,5.3715364533257715,residential,4th Cross Road,False,
423744892,423744891,0,91.66635938203994,40.0,8.249972344383595,residential,1st Main Road,False,2
423744892,423744889,0,166.88787312921067,40.0,15.01990858162896,residential,1st Main Road,False,2
423744892,423744886,0,56.393083776729654,40.0,5.075377539905669,residential,1st A Cross Road,False,
423744893,423744919,0,109.32656868903038,40.0,9.839391182012735,primary,100 Feet Road,True,2
423744893,421264372,0,68.26759980240374,40.0,6.144083982216336,residential,2nd Main Road,False,2
423744894,423744895,0,65.89332431177891,40.0,5.930399188060102,residential,2nd Main Road,False,2
423744894,478413769,0,64.15875298302191,40.0,5.774287768471972,residential,2nd Main Road,False,2
423744894,421264370,0,109.35456430562274,40.0,9.841910787506047,residential,3rd Cross Road,False,
423744894,423744890,0,59.686800876197765,40.0,5.371812078857799,residential,3rd Cross Road,False,
423744895,423744894,0,65.89332431177891,40.0,5.930399188060102,residential,2nd Main Road,False,2
423744895,423744896,0,109.28479182740466,40.0,9.83563126446642,residential,4th Cross Road,False,
423744895,423744891,0,59.68373837028635,40.0,5.3715364533257715,residential,4th Cross Road,False,
423744895,421264373,0,219.39553456112418,40.0,19.745598110501174,residential,2nd Main Road,False,2
423744896,421264370,0,64.22544327483295,40.0,5.780289894734966,residential,3rd Main Road,False,
423744896,423744841,0,73.81586734077281,40.0,6.643428060669552,residential,4th Cross Road,False,
423744896,423744895,0,109.28479182740466,40.0,9.83563126446642,residential,4th Cross Road,False,
423744896,421264380,0,219.53112257413136,40.0,19.75780103167182,residential,3rd Main Road,False,
423744897,423744842,0,75.28295705248983,40.0,6.775466134724084,residential,1st Cross Road,False,
423744897,423744898,0,63.6561693923798,40.0,5.729055245314182,residential,1st Cross Road,False,
423744897,423744841,0,193.8811239164134,40.0,17.449301152477204,residential,4th Main Road,False,
423744898,423744897,0,63.6561693923798,40.0,5.729055245314182,residential,1st Cross Road,False,
423744898,421264381,0,59.77732401611134,40.0,5.379959161450021,residential,1st Cross Road,False,
423744898,423744899,0,194.12283736750086,40.0,17.471055363075077,residential,5th Main Road,False,
423744899,421264367,0,61.69096857976585,40.0,5.552187172178926,residential,4th Cross Road,False,
423744899,470899603,0,39.95282307252865,40.0,3.595754076527579,residential,5th Main Road,False,
423744899,423744841,0,63.33146642296168,40.0,5.699831978066551,residential,4th Cross Road,False,
423744899,423744898,0,194.12283736750086,40.0,17.471055363075077,residential,5th Main Road,False,
423744900,423744929,0,122.05683644390894,40.0,10.985115279951804,residential,4th Main Road,False,
423744900,423744841,0,159.54650292871872,40.0,14.359185263584685,residential,4th Main Road,False,
423744900,421264394,0,69.52422322861709,40.0,6.257180090575538,residential,5th Cross Road,False,
423744919,13373931596,0,198.3975868541703,40.0,17.855782816875326,primary,100 Feet Road,True,2
423744919,423744842,0,67.56003085625676,40.0,6.0804027770631075,residential,3rd Main Road,False,
423744929,421264395,0,68.08442243912619,40.0,6.127598019521357,residential,6th Cross Road,False,
423744929,421264396,0,71.69711287847457,40.0,6.452740159062711,residential,6th Cross Road,False,
423744929,423744900,0,122.05683644390894,40.0,10.985115279951804,residential,4th Main Road,False,
448305147,448306390,0,146.37623064211738,40.0,13.173860757790564,residential,1st Cross Road,False,
448305147,421264381,0,58.761700395684166,40.0,5.288553035611574,residential,1st Cross Road,False,
448305147,448306749,0,55.46792898342196,40.0,4.992113608507976,residential,7th Main Road,False,
448305148,1842455536,0,150.81001456946964,40.0,13.572901311252267,residential,7th Main Road,False,
448305148,12189334800,0,58.04105113345385,40.0,5.223694602010847,secondary,80 Feet Road,True,2
448306386,478415543,0,47.102383461789316,40.0,4.239214511561038,residential,4th Cross Road,False,
448306386,448306751,0,48.58259341904946,40.0,4.3724334077144515,residential,9th Main Road,False,
448306386,448307449,0,57.879542771984966,40.0,5.209158849478647,residential,4th Cross Road,False,
448306390,412119404,0,134.57652107517612,40.0,12.111886896765851,residential,1st Cross Road,False,
448306390,448305147,0,146.37623064211738,40.0,13.173860757790564,residential,1st Cross Road,False,
448306390,448306750,0,55.70418516807413,40.0,5.013376665126672,residential,9th Main Road,False,
448306390,448306395,0,64.5814366980076,40.0,5.812329302820682,residential,9th Main Road,False,
448306395,448306390,0,64.5814366980076,40.0,5.812329302820682,residential,9th Main Road,False,
448306395,11497616784,0,196.68667008567454,40.0,17.701800307710705,primary,100 Feet Road,True,2
448306746,448306747,0,48.92945744031828,40.0,4.4036511696286444,residential,11th Main Road,False,
448306746,412119404,0,53.73156215463016,40.0,4.835840593916714,residential,11th Main Road,False,
448306746,448306750,0,134.54280942766627,40.0,12.108852848489965,residential,2nd Cross Road,False,
448306747,423744839,0,45.98080459916267,40.0,4.138272413924639,residential,11th Main Road,False,
448306747,448306746,0,48.92945744031828,40.0,4.4036511696286444,residential,11th Main Road,False,
448306747,448306751,0,134.60013108166254,40.0,12.11401179734963,residential,3rd Cross Road,False,
448306748,448306749,0,45.458421293166495,40.0,4.0912579163849845,residential,7th Main Road,False,
448306748,423744834,0,49.45117927970229,40.0,4.450606135173206,residential,7th Main Road,False,
448306748,448306751,0,147.14665293566628,40.0,13.243198764209964,residential,3rd Cross Road,False,
448306749,448305147,0,55.46792898342196,40.0,4.992113608507976,residential,7th Main Road,False,
448306749,448306748,0,45.458421293166495,40.0,4.0912579163849845,residential,7th Main Road,False,
448306749,448306750,0,146.82179377459948,40.0,13.213961439713952,residential,2nd Cross Road,False,
448306750,448306751,0,46.13252113883076,40.0,4.151926902494768,residential,9th Main Road,False,
448306750,448306390,0,55.70418516807413,40.0,5.013376665126672,residential,9th Main Road,False,
448306750,448306749,0,146.82179377459948,40.0,13.213961439713952,residential,2nd Cross Road,False,
448306750,448306746,0,134.54280942766627,40.0,12.108852848489965,residential,2nd Cross Road,False,
448306751,448306386,0,48.58259341904946,40.0,4.3724334077144515,residential,9th Main Road,False,
448306751,448306750,0,46.13252113883076,40.0,4.151926902494768,residential,9th Main Road,False,
448306751,448306748,0,147.14665293566628,40.0,13.243198764209964,residential,3rd Cross Road,False,
448306751,448306747,0,134.60013108166254,40.0,12.11401179734963,residential,3rd Cross Road,False,
448307449,423744834,0,89.66491356044477,40.0,8.069842220440028,residential,4th Cross Road,False,
448307449,448306386,0,57.879542771984966,40.0,5.209158849478647,residential,4th Cross Road,False,
448307449,4202330449,0,48.80989840870579,40.0,4.392890856783521,residential,8th Main Road,False,
448307453,4202336814,0,44.87774404314036,40.0,4.038996963882632,residential,11th Main Road,False,
448307453,448307457,0,87.06635505943291,40.0,7.835971955348962,residential,7th Cross Road,False,
448307453,3887138916,0,42.77078008434421,40.0,3.849370207590979,residential,11th Main Road,False,
448307453,1420066813,0,60.58090282901679,40.0,5.452281254611511,residential,7th Cross Road,False,
448307454,4202330458,0,49.32977678824998,40.0,4.439679910942498,residential,7th Main Road,False,
448307454,1842455535,0,38.11645730570851,40.0,3.4304811575137655,residential,7th Main Road,False,
448307454,448308010,0,58.65376881894416,40.0,5.278839193704974,residential,7th Cross Road,False,
448307454,448307458,0,88.50288195261302,40.0,7.9652593757351715,residential,7th Cross Road,False,
448307457,448307458,0,107.72803962172954,40.0,9.695523565955659,residential,7th Cross Road,False,
448307457,448307453,0,87.06635505943291,40.0,7.835971955348962,residential,7th Cross Road,False,
448307457,3887138936,0,42.094317548758646,40.0,3.7884885793882783,residential,10th Main Road,False,
448307457,4202336816,0,44.06221557425904,40.0,3.965599401683314,residential,10th Main Road,False,
448307458,448307454,0,88.50288195261302,40.0,7.9652593757351715,residential,7th Cross Road,False,
448307458,448307457,0,107.72803962172954,40.0,9.695523565955659,residential,7th Cross Road,False,
448307458,4202330450,0,48.48463197556924,40.0,4.363616877801232,residential,8th Main Road,False,
448307458,1842455535,0,124.28696393162383,40.0,11.185826753846145,residential,"['8th Cross Road', '8th Main Road']",False,
448308010,448307454,0,58.65376881894416,40.0,5.278839193704974,residential,7th Cross Road,False,
448308010,421264368,0,49.43720304805083,40.0,4.449348274324575,tertiary,6th Main Road,False,
448308010,421264367,0,139.17789818544372,40.0,12.526010836689933,tertiary,6th Main Road,False,
470899603,423744899,0,39.95282307252865,40.0,3.595754076527579,residential,5th Main Road,False,
478413769,423744894,0,64.15875298302191,40.0,5.774287768471972,residential,2nd Main Road,False,2
478413769,421264372,0,62.977224944578296,40.0,5.667950245012047,residential,2nd Main Road,False,2
478413769,421264369,0,109.37679587183904,40.0,9.843911628465513,residential,2nd Cross Road,False,
478415543,423744839,0,87.46172952170444,40.0,7.8715556569534,residential,4th Cross Road,False,
478415543,448306386,0,47.102383461789316,40.0,4.239214511561038,residential,4th Cross Road,False,
478415543,4202336815,0,47.43665370948358,40.0,4.269298833853522,residential,10th Main Road,False,
486964297,286682015,0,63.357877198156615,40.0,5.7022089478340945,tertiary,12th Main Road,False,2
486964297,1420066813,0,94.97045397981404,40.0,8.547340858183263,tertiary,12th Main Road,False,2
491866469,960504303,0,74.02625588265555,40.0,6.662363029438999,secondary,Jeevan Bhima Nagar Main Road,False,2
491866469,1336840359,0,146.89377737204424,40.0,13.22043996348398,secondary,Jeevan Bhima Nagar Main Road,False,2
491866469,491866470,0,53.20981837014803,40.0,4.788883653313323,residential,4th Cross Road,False,
491866470,1339408212,0,26.814010547538416,40.0,2.4132609492784574,residential,9th Main Road,False,
491866470,1500736131,0,57.88712091298161,40.0,5.209840882168344,residential,9th Main Road,False,
491866470,1500356616,0,80.98469335778908,40.0,7.2886224022010175,residential,4th Cross Road,False,
491866470,491866469,0,53.20981837014803,40.0,4.788883653313323,residential,4th Cross Road,False,
491866470,1758230707,0,142.27655066279675,40.0,12.804889559651707,residential,2nd Cross Road,False,
491866474,1500356611,0,86.15294227996128,40.0,7.753764805196515,residential,4th Cross Road,False,
491866474,1500741750,0,36.60659660056918,40.0,3.294593694051226,residential,2nd Main Road,False,
491866517,491866519,0,86.1461646329059,40.0,7.75315481696153,residential,2nd Main Road,False,
491866517,1500356593,0,44.858315782097385,40.0,4.037248420388765,residential,2nd Main Road,False,
491866519,1328155427,0,33.526712715243846,40.0,3.017404144371946,residential,6th Cross Road,False,
491866519,491866517,0,86.1461646329059,40.0,7.75315481696153,residential,2nd Main Road,False,
736207255,736207379,0,40.139733634836794,40.0,3.612576027135311,residential,11th Cross Road,False,
736207255,3352035441,0,85.0955370481975,40.0,7.658598334337775,primary,Swamy Vivekananda Road,True,3
736207324,736207362,0,95.26993548451559,40.0,8.574294193606402,residential,6th Cross Road,False,
736207324,736207529,0,50.7854390455627,40.0,4.570689514100643,residential,4th Main Road,True,
736207362,736207324,0,95.26993548451559,40.0,8.574294193606402,residential,6th Cross Road,False,
736207362,736207577,0,88.23983067175743,40.0,7.941584760458169,residential,6th Cross Road,False,
736207362,3370171491,0,47.32719897587508,40.0,4.259447907828757,residential,3rd Main Road,False,
736207379,736207511,0,54.687949446823566,40.0,4.9219154502141205,residential,11th Cross Road,False,
736207379,736207255,0,40.139733634836794,40.0,3.612576027135311,residential,11th Cross Road,False,
736207379,736207607,0,257.794228415044,40.0,23.20148055735396,residential,1st Main Road,False,
736207509,736207620,0,50.895943525736435,40.0,4.580634917316279,tertiary,2nd Main Road,False,
736207509,736207511,0,48.67071139900489,40.0,4.38036402591044,tertiary,2nd Main Road,False,
736207511,736207509,0,48.67071139900489,40.0,4.38036402591044,tertiary,2nd Main Road,False,
736207511,3352035440,0,64.82196171303093,40.0,5.833976554172783,tertiary,2nd Main Road,False,
736207511,736207379,0,54.687949446823566,40.0,4.9219154502141205,residential,11th Cross Road,False,
736207529,736207543,0,48.867580575287086,40.0,4.398082251775837,residential,4th Main Road,True,
736207543,736207552,0,88.46104513945883,40.0,7.961494062551295,residential,9th Cross Road,False,
736207552,3370055425,0,29.134626426621786,40.0,2.622116378395961,residential,3rd Main Road,False,
736207552,3370175096,0,44.51962754017213,40.0,4.006766478615491,residential,9th Cross Road,False,
736207552,736207543,0,88.46104513945883,40.0,7.961494062551295,residential,9th Cross Road,False,
736207577,736207640,0,58.24422073391398,40.0,5.241979866052258,tertiary,2nd Main Road,False,
736207577,3370175098,0,48.75722646248789,40.0,4.388150381623911,tertiary,2nd Main Road,False,
736207577,736207362,0,88.23983067175743,40.0,7.941584760458169,residential,6th Cross Road,False,
736207607,736207379,0,257.794228415044,40.0,23.20148055735396,residential,1st Main Road,False,
736207607,12692472176,0,123.9351992524057,40.0,11.154167932716511,primary,100 Feet Road,True,2
736207620,3370055430,0,28.188625839690584,40.0,2.5369763255721525,tertiary,2nd Main Road,False,
736207620,736207509,0,50.895943525736435,40.0,4.580634917316279,tertiary,2nd Main Road,False,
736207620,3370175096,0,44.86449712840024,40.0,4.037804741556021,residential,9th Cross Road,False,
736207640,287908996,0,11.668312657390695,40.0,1.0501481391651626,tertiary,2nd Main Road,False,
736207640,736207577,0,58.24422073391398,40.0,5.241979866052258,tertiary,2nd Main Road,False,
736207640,736207607,0,54.09368659157925,40.0,4.868431793242133,primary,100 Feet Road,True,2
960504303,491866469,0,74.02625588265555,40.0,6.662363029438999,secondary,Jeevan Bhima Nagar Main Road,False,2
1317176280,1500741749,0,48.12145760721155,40.0,4.33093118464904,residential,4th Main Road,False,
1317176280,6426357731,0,36.5222882819896,40.0,3.2870059453790645,residential,1st Cross Road,False,
1317176280,1500736132,0,170.05330996130579,40.0,15.30479789651752,residential,1st Cross Road,False,
1317176280,253179991,0,71.57060076371435,40.0,6.441354068734292,residential,4th Main Road,False,
1317176299,3530536231,0,9.69396832649928,40.0,0.8724571493849353,residential,4th Main Road,False,
1317176299,3530536232,0,28.88403909525369,40.0,2.599563518572832,residential,4th Main Road,False,
1317176299,1500723974,0,42.125717710442565,40.0,3.791314593939831,residential,5th Cross Road,False,
1317176300,1500356589,0,23.50986535144896,40.0,2.1158878816304063,residential,4th Main Road,False,
1317176300,1500723968,0,24.38799385699948,40.0,2.194919447129953,residential,6th Cross Road,False,
1317176300,1500723973,0,10.241750927668399,40.0,0.9217575834901558,residential,6th Cross Road,False,
1328155425,1336840359,0,39.30964825992463,40.0,3.537868343393216,secondary,Jeevan Bhima Nagar Main Road,False,2
1328155427,1500723973,0,32.91243934736025,40.0,2.962119541262422,residential,6th Cross Road,False,
1328155427,491866519,0,33.526712715243846,40.0,3.017404144371946,residential,6th Cross Road,False,
1328155427,1500723974,0,138.2092352801222,40.0,12.438831175210996,residential,3rd Main Road,False,
1328155440,1339408165,0,32.54406778828169,40.0,2.9289661009453516,residential,6th Cross Road,False,
1328610664,4333461582,0,27.039677444682464,40.0,2.433570970021422,residential,4th Cross Road,False,
1328610664,2268586328,0,30.325634599745925,40.0,2.729307113977133,residential,4th Cross Road,False,
1328610664,1563301999,0,71.50369324190714,40.0,6.4353323917716425,residential,1st Main Road,False,
1336840359,1328155425,0,39.30964825992463,40.0,3.537868343393216,secondary,Jeevan Bhima Nagar Main Road,False,2
1336840359,1339408130,0,54.60688275421781,40.0,4.914619447879603,residential,5th Cross Road,False,
1336840359,491866469,0,146.89377737204427,40.0,13.220439963483983,secondary,Jeevan Bhima Nagar Main Road,False,2
1336840409,1339408130,0,114.22427306745642,40.0,10.280184576071077,residential,5th Cross Road,False,
1336840409,1500356625,0,20.762318062163285,40.0,1.8686086255946954,residential,8th Main Road,False,2
1336840471,1500356625,0,15.392981315675938,40.0,1.3853683184108343,residential,8th Main Road,False,2
1336840471,4474692928,0,98.57031559381704,40.0,8.871328403443533,residential,8th Main Road,False,2
1336840471,1339408186,0,28.13215903702575,40.0,2.5318943133323173,residential,4th E Cross Road,False,
1339408083,3530536225,0,25.216517667146018,40.0,2.2694865900431416,residential,8th A Main Road,False,
1339408083,1339408095,0,22.08336354002262,40.0,1.987502718602036,residential,8th A Main Road,False,
1339408083,4474692831,0,63.62186956638259,40.0,5.725968260974433,residential,4th B Cross Road,False,
1339408095,1339408212,0,59.16233456256285,40.0,5.3246101106306565,residential,4th A Cross Road,False,
1339408095,4474692928,0,27.860012686722445,40.0,2.50740114180502,residential,4th A Cross Road,False,
1339408095,1339408083,0,22.08336354002262,40.0,1.987502718602036,residential,8th A Main Road,False,
1339408101,1339408130,0,31.149783510989536,40.0,2.803480515989058,residential,9th Main Road,False,
1339408101,3530536223,0,23.635414864043703,40.0,2.127187337763933,residential,9th Main Road,False,
1339408101,1339408186,0,78.36361639481375,40.0,7.052725475533237,residential,4th E Cross Road,False,
1339408130,1336840359,0,54.60688275421781,40.0,4.914619447879603,residential,5th Cross Road,False,
1339408130,1336840409,0,114.22427306745642,40.0,10.280184576071077,residential,5th Cross Road,False,
1339408130,1339408101,0,31.149783510989536,40.0,2.803480515989058,residential,9th Main Road,False,
1339408148,1339408165,0,35.70073196464126,40.0,3.213065876817713,residential,6th Cross Road,False,
1339408148,1500723968,0,33.92713048106091,40.0,3.0534417432954815,residential,6th Cross Road,False,
1339408165,1339408148,0,35.70073196464126,40.0,3.213065876817713,residential,6th Cross Road,False,
1339408165,1328155440,0,32.54406778828169,40.0,2.9289661009453516,residential,6th Cross Road,False,
1339408186,3530536226,0,24.86959140689668,40.0,2.238263226620701,residential,8th A Main Road,False,
1339408186,1339408101,0,78.36361639481375,40.0,7.052725475533237,residential,4th E Cross Road,False,
1339408186,1336840471,0,28.13215903702575,40.0,2.5318943133323173,residential,4th E Cross Road,False,
1339408212,1339408095,0,59.16233456256285,40.0,5.3246101106306565,residential,4th A Cross Road,False,
1339408212,4474692831,0,22.141607759876432,40.0,1.992744698388879,residential,9th Main Road,False,
1339408212,491866470,0,26.814010547538416,40.0,2.4132609492784574,residential,9th Main Road,False,
1420066803,6133955228,0,38.88609841257519,40.0,3.499748857131767,secondary,80 Feet Road,False,2
1420066813,1763359261,0,63.132508531960646,40.0,5.681925767876458,tertiary,12th Main Road,False,2
1420066813,486964297,0,94.97045397981404,40.0,8.547340858183263,tertiary,12th Main Road,False,2
1420066813,448307453,0,60.58090282901679,40.0,5.452281254611511,residential,7th Cross Road,False,
1462139757,355428742,0,100.23935404035991,40.0,9.021541863632391,primary,100 Feet Road,True,2
1462139757,3563294493,0,34.85838638819908,40.0,3.1372547749379174,residential,5th Main Road,False,
1462139759,1462139766,0,40.59567428226632,40.0,3.6536106854039687,residential,3rd Main Road,False,
1462139759,1563314096,0,33.80480096256637,40.0,3.0424320866309733,residential,1st Cross Road,False,
1462139759,1563301989,0,90.18694348426651,40.0,8.116824913583985,residential,1st Cross Road,False,
1462139760,1563314094,0,7.609146647659043,40.0,0.6848231982893138,residential,5th Cross Road,False,
1462139760,4101591489,0,172.95831911570897,40.0,15.566248720413807,residential,3rd Main Road,False,
1462139760,5375145474,0,73.78292440984046,40.0,6.640463196885642,residential,5th Cross Road,False,
1462139764,421265107,0,126.44987967923524,40.0,11.38048917113117,tertiary,Sri Krishna Temple Road,False,2
1462139764,421265109,0,40.0468334984575,40.0,3.604215014861175,tertiary,Sri Krishna Temple Road,False,2
1462139764,1563301989,0,100.98089987968868,40.0,9.088280989171981,residential,1st Cross Road,False,
1462139766,1462139759,0,40.59567428226632,40.0,3.6536106854039687,residential,3rd Main Road,False,
1462139766,1563314098,0,92.12291266232349,40.0,8.291062139609114,residential,3rd Main Road,False,
1462139766,1563316284,0,99.4632797343852,40.0,8.951695176094667,residential,2nd Cross Road,False,
1462139769,3726150980,0,66.40098498603972,40.0,5.976088648743574,residential,5th Main Road,False,
1462139769,3563294493,0,25.48545611422713,40.0,2.2936910502804415,residential,5th Main Road,False,
1462139769,5375145474,0,142.57194097649295,40.0,12.831474687884365,residential,5th Cross Road,False,
1500356589,3530536230,0,61.524785609266736,40.0,5.5372307048340055,residential,4th Main Road,False,
1500356589,1317176300,0,23.50986535144896,40.0,2.1158878816304063,residential,4th Main Road,False,
1500356589,6424016579,0,41.56222142843189,40.0,3.74059992855887,residential,5th Cross Road,False,
1500356591,1500356614,0,32.996874540797045,40.0,2.9697187086717336,residential,4th Cross Road,False,
1500356591,1500356616,0,33.03113141090778,40.0,2.9728018269817005,residential,4th Cross Road,False,
1500356591,1500356621,0,146.77028965990957,40.0,13.20932606939186,residential,7th Main Road,False,
1500356593,1500723974,0,34.455714892506506,40.0,3.101014340325585,residential,5th Cross Road,False,
1500356593,491866517,0,44.858315782097385,40.0,4.037248420388765,residential,2nd Main Road,False,
1500356596,1758230707,0,51.78724886261889,40.0,4.6608523976357,residential,6th Main Road,False,
1500356596,1500736131,0,121.99708350985377,40.0,10.979737515886837,residential,1st Cross Road,False,
1500356596,6426357731,0,31.54758722247046,40.0,2.8392828500223413,residential,1st Cross Road,False,
1500356611,1500741746,0,32.95990450066331,40.0,2.966391405059698,residential,4th Main Road,False,
1500356611,3530536231,0,34.65539105186423,40.0,3.1189851946677805,residential,4th Main Road,False,
1500356611,491866474,0,86.15294227996128,40.0,7.753764805196515,residential,4th Cross Road,False,
1500356611,6426357732,0,38.79618129436963,40.0,3.4916563164932666,residential,4th Cross Road,False,
1500356614,3530536227,0,35.10445704445118,40.0,3.159401134000606,residential,6th Main Road,False,
1500356614,1758230707,0,50.112357396848815,40.0,4.510112165716393,residential,6th Main Road,False,
1500356614,1500356591,0,32.996874540797045,40.0,2.9697187086717336,residential,4th Cross Road,False,
1500356614,6426357732,0,32.56206485779133,40.0,2.9305858372012192,residential,4th Cross Road,False,
1500356616,4474692928,0,29.702507028355246,40.0,2.673225632551972,residential,8th Main Road,False,2
1500356616,1500356591,0,33.03113141090778,40.0,2.9728018269817005,residential,4th Cross Road,False,
1500356616,491866470,0,80.98469335778908,40.0,7.2886224022010175,residential,4th Cross Road,False,
1500356621,1500356625,0,40.36561647954867,40.0,3.63290548315938,residential,5th Cross Road,False,
1500356621,1500356623,0,31.21362569094257,40.0,2.8092263121848315,residential,5th Cross Road,False,
1500356621,1500356591,0,146.77028965990957,40.0,13.20932606939186,residential,7th Main Road,False,
1500356623,3530536229,0,45.85740780223559,40.0,4.127166702201203,residential,6th Main Road,False,
1500356623,1500356621,0,31.21362569094257,40.0,2.8092263121848315,residential,5th Cross Road,False,
1500356623,6197065811,0,33.08285213082402,40.0,2.9774566917741616,residential,5th Cross Road,False,
1500356625,1336840409,0,20.762318062163285,40.0,1.8686086255946954,residential,8th Main Road,False,2
1500356625,1336840471,0,15.392981315675938,40.0,1.3853683184108343,residential,8th Main Road,False,2
1500356625,1500356621,0,40.36561647954867,40.0,3.63290548315938,residential,5th Cross Road,False,
1500723968,1339408148,0,33.92713048106091,40.0,3.0534417432954815,residential,6th Cross Road,False,
1500723968,1317176300,0,24.38799385699948,40.0,2.194919447129953,residential,6th Cross Road,False,
1500723973,1317176300,0,10.241750927668399,40.0,0.9217575834901558,residential,6th Cross Road,False,
1500723973,1328155427,0,32.91243934736025,40.0,2.962119541262422,residential,6th Cross Road,False,
1500723974,1328155427,0,138.2092352801222,40.0,12.438831175210996,residential,3rd Main Road,False,
1500723974,1500356593,0,34.455714892506506,40.0,3.101014340325585,residential,5th Cross Road,False,
1500723974,1317176299,0,42.125717710442565,40.0,3.791314593939831,residential,5th Cross Road,False,
1500736131,491866470,0,57.88712091298161,40.0,5.209840882168344,residential,9th Main Road,False,
1500736131,1500356596,0,121.99708350985377,40.0,10.979737515886837,residential,1st Cross Road,False,
1500736131,6133955228,0,75.85879166449078,40.0,6.82729124980417,residential,9th Main Road,False,
1500736132,1317176280,0,170.05330996130579,40.0,15.30479789651752,residential,1st Cross Road,False,
1500736132,1500741747,0,64.10617999259092,40.0,5.769556199333183,residential,2nd Main Road,False,
1500741746,1500741749,0,36.616719401443156,40.0,3.295504746129884,residential,4th Main Road,False,
1500741746,1500356611,0,32.95990450066331,40.0,2.966391405059698,residential,4th Main Road,False,
1500741746,11012318041,0,36.26609127542813,40.0,3.263948214788532,residential,3rd Cross Road,False,
1500741747,1500741749,0,137.06873751689918,40.0,12.336186376520926,residential,2nd Cross Road,False,
1500741747,11012318042,0,40.29399854788415,40.0,3.6264598693095738,residential,2nd Main Road,False,
1500741747,1500736132,0,64.10617999259092,40.0,5.769556199333183,residential,2nd Main Road,False,
1500741749,1317176280,0,48.12145760721155,40.0,4.33093118464904,residential,4th Main Road,False,
1500741749,1500741746,0,36.616719401443156,40.0,3.295504746129884,residential,4th Main Road,False,
1500741749,1500741747,0,137.06873751689918,40.0,12.336186376520926,residential,2nd Cross Road,False,
1500741750,11012318041,0,68.3348119663945,40.0,6.1501330769755045,residential,3rd Cross Road,False,
1500741750,491866474,0,36.60659660056918,40.0,3.294593694051226,residential,2nd Main Road,False,
1500741750,11012318042,0,27.310737863085965,40.0,2.4579664076777368,residential,2nd Main Road,False,
1500742635,1842455529,0,20.462525509360095,40.0,1.8416272958424085,living_street,3rd Main Road,False,
1500742635,1500742637,0,51.51195450368232,40.0,4.636075905331408,residential,9th Main Road,False,
1500742635,11012314119,0,97.0156161409027,40.0,8.731405452681242,residential,"['9th Main Road', '9th Cross Road']",False,
1500742637,1842455534,0,44.65129133266126,40.0,4.0186162199395135,residential,4th Main Road,False,
1500742637,253179989,0,101.55268305044153,40.0,9.139741474539738,residential,9th Main Road,False,
1500742637,1500742635,0,51.51195450368232,40.0,4.636075905331408,residential,9th Main Road,False,
1563301976,1563301981,0,67.00049333844186,40.0,6.030044400459767,residential,,False,
1563301976,1563301999,0,32.33575001250513,40.0,2.910217501125462,residential,1st Main Road,False,
1563301976,11497593344,0,171.75834576484786,40.0,15.458251118836307,residential,1st Main Road,False,
1563301979,4474675120,0,8.787737364210154,40.0,0.7908963627789138,residential,,False,
1563301981,1563301976,0,67.00049333844186,40.0,6.030044400459767,residential,,False,
1563301989,1462139759,0,90.18694348426651,40.0,8.116824913583985,residential,1st Cross Road,False,
1563301989,2268586318,0,26.27048411113973,40.0,2.3643435700025757,residential,1st Main Road,False,
1563301989,1563316284,0,39.251601363928394,40.0,3.532644122753555,residential,1st Main Road,False,
1563301989,1462139764,0,100.98089987968868,40.0,9.088280989171981,residential,1st Cross Road,False,
1563301990,5336663607,0,25.109086682034068,40.0,2.259817801383066,residential,1st A Cross,False,
1563301990,12364203537,0,6.360368018430381,40.0,0.5724331216587343,residential,1st A Cross,False,
1563301990,2268586324,0,64.70280470427403,40.0,5.8232524233846625,residential,3rd B Cross,False,
1563301992,5164915354,0,50.140552521048726,40.0,4.512649726894385,residential,1st Main Road,False,
1563301992,3387829500,0,8.655639093054642,40.0,0.7790075183749178,residential,1st A Cross Road,False,
1563301992,5336663607,0,64.06999345339821,40.0,5.766299410805839,residential,1st A Cross Road,False,
1563301999,2268586322,0,31.3042510034005,40.0,2.8173825903060448,residential,,False,
1563301999,1328610664,0,71.50369324190714,40.0,6.4353323917716425,residential,1st Main Road,False,
1563301999,1563301976,0,32.33575001250513,40.0,2.910217501125462,residential,1st Main Road,False,
1563306444,4386563001,0,32.956193033226356,40.0,2.9660573729903716,secondary,80 Feet Road,True,2
1563306444,12239510691,0,7.272366200173816,40.0,0.6545129580156435,residential,,False,
1563306444,4386562999,0,25.332487347521802,40.0,2.279923861276962,residential,4th B Cross,False,
1563309904,1563309909,0,101.77018779172,40.0,9.159316901254801,residential,1st Main Road,False,
1563309904,4467762320,0,26.192835404213348,40.0,2.357355186379201,residential,1st Main Road,False,
1563309904,1563314096,0,35.928815689612904,40.0,3.2335934120651615,residential,1st Cross Road,False,
1563309905,1563314094,0,37.66548611029178,40.0,3.38989374992626,residential,5th Cross Road,False,
1563309905,1563309909,0,217.82916710519763,40.0,19.604625039467784,residential,1st Main Road,False,
1563309905,287908996,0,82.65988576094742,40.0,7.439389718485267,residential,5th Cross Road,False,
1563309909,1563309904,0,101.77018779172,40.0,9.159316901254801,residential,1st Main Road,False,
1563309909,1563314088,0,34.8525698001379,40.0,3.136731282012411,residential,1st Cross Road,False,
1563309909,1563309905,0,217.82916710519763,40.0,19.604625039467784,residential,1st Main Road,False,
1563314088,1563309909,0,34.8525698001379,40.0,3.136731282012411,residential,1st Cross Road,False,
1563314088,1563314098,0,33.292833465387886,40.0,2.99635501188491,residential,1st Cross Road,False,
1563314088,1563314096,0,116.58889567787462,40.0,10.493000611008714,residential,2nd Main Road,False,
1563314088,1563314094,0,207.29435004090368,40.0,18.65649150368133,residential,2nd Main Road,False,
1563314094,1563309905,0,37.66548611029178,40.0,3.38989374992626,residential,5th Cross Road,False,
1563314094,1462139760,0,7.609146647659043,40.0,0.6848231982893138,residential,5th Cross Road,False,
1563314094,1563314088,0,207.29435004090368,40.0,18.65649150368133,residential,2nd Main Road,False,
1563314096,1563309904,0,35.928815689612904,40.0,3.2335934120651615,residential,1st Cross Road,False,
1563314096,1462139759,0,33.80480096256637,40.0,3.0424320866309733,residential,1st Cross Road,False,
1563314096,1563314088,0,116.58889567787462,40.0,10.493000611008714,residential,2nd Main Road,False,
1563314098,1462139766,0,92.12291266232349,40.0,8.291062139609114,residential,3rd Main Road,False,
1563314098,4101591489,0,30.99695072161575,40.0,2.7897255649454173,residential,3rd Main Road,False,
1563314098,1563314088,0,33.292833465387886,40.0,2.99635501188491,residential,1st Cross Road,False,
1563316282,11386898670,0,11.472778856039092,40.0,1.0325500970435182,residential,,False,
1563316282,4386562999,0,86.65378946067163,40.0,7.798841051460447,residential,4th B Cross Road,False,
1563316282,4386562999,1,83.04341355529755,40.0,7.4739072199767795,residential,4th B Cross,False,
1563316284,1462139766,0,99.4632797343852,40.0,8.951695176094667,residential,2nd Cross Road,False,
1563316284,1563301989,0,39.251601363928394,40.0,3.532644122753555,residential,1st Main Road,False,
1563316284,421265109,0,99.33515577393653,40.0,8.940164019654288,residential,2nd Cross Road,False,
1563316284,1756917763,0,138.86489562087345,40.0,12.49784060587861,residential,"['1st Main Road', '3rd Cross Road']",False,
1756917763,421265109,0,42.629028618991335,40.0,3.83661257570922,tertiary,Sri Krishna Temple Road,False,2
1756917763,13849804075,0,75.07199076927866,40.0,6.756479169235079,tertiary,Sri Krishna Temple Road,False,2
1756917763,1563316284,0,138.86489562087345,40.0,12.49784060587861,residential,"['1st Main Road', '3rd Cross Road']",False,
1758230707,1500356614,0,50.112357396848815,40.0,4.510112165716393,residential,6th Main Road,False,
1758230707,1500356596,0,51.78724886261889,40.0,4.6608523976357,residential,6th Main Road,False,
1758230707,491866470,0,142.27655066279675,40.0,12.804889559651707,residential,2nd Cross Road,False,
1763359261,1420066813,0,63.132508531960646,40.0,5.681925767876458,tertiary,12th Main Road,False,2
1842455497,1842455501,0,55.6800953917259,40.0,5.011208585255331,residential,9th Cross Road,False,
1842455497,1842455499,0,79.62711304001121,40.0,7.166440173601009,residential,11th Main Road,False,
1842455497,3887138916,0,31.23956910950246,40.0,2.8115612198552213,residential,11th Main Road,False,
1842455499,3706026737,0,33.82583778112376,40.0,3.044325400301138,residential,10th Cross Road,False,
1842455499,5251934695,0,45.460846473649994,40.0,4.091476182628499,residential,11th Main Road,False,
1842455499,1842455497,0,79.62711304001121,40.0,7.166440173601009,residential,11th Main Road,False,
1842455501,1842455503,0,52.882589364159635,40.0,4.759433042774367,residential,,False,
1842455501,11012314119,0,18.727490614396356,40.0,1.685474155295672,residential,9th Cross Road,False,
1842455501,1842455497,0,55.6800953917259,40.0,5.011208585255331,residential,9th Cross Road,False,
1842455503,1842455501,0,52.882589364159635,40.0,4.759433042774367,residential,,False,
1842455520,1842455522,0,32.3384350920918,40.0,2.9104591582882615,residential,,False,
1842455522,1842455520,0,32.3384350920918,40.0,2.9104591582882615,residential,,False,
1842455522,1842455524,0,84.01892054484804,40.0,7.561702849036323,residential,1st Main Road,False,
1842455522,1842455527,0,32.13190865561673,40.0,2.891871779005506,residential,,False,
1842455524,12107761069,0,6.618727031292484,40.0,0.5956854328163235,residential,1st Main Road,False,
1842455524,1842455528,0,32.92033645034229,40.0,2.9628302805308064,secondary,80 Feet Road,True,2
1842455524,1842455522,0,84.01892054484804,40.0,7.561702849036323,residential,1st Main Road,False,
1842455527,1842455530,0,28.23243175737539,40.0,2.540918858163785,residential,,False,
1842455527,1842455528,0,90.61838628779194,40.0,8.155654765901273,residential,2nd Main Road,False,
1842455527,1842455529,0,73.75788127595538,40.0,6.638209314835984,residential,2nd Main Road,False,
1842455527,1842455522,0,32.13190865561673,40.0,2.891871779005506,residential,,False,
1842455528,1842455531,0,16.98383067849064,40.0,1.5285447610641576,secondary,80 Feet Road,True,2
1842455528,1842455527,0,90.61838628779194,40.0,8.155654765901273,residential,2nd Main Road,False,
1842455529,1500742635,0,20.462525509360095,40.0,1.8416272958424085,living_street,3rd Main Road,False,
1842455529,1842455527,0,73.75788127595538,40.0,6.638209314835984,residential,2nd Main Road,False,
1842455529,1842455530,0,44.512564570655684,40.0,4.006130811359012,living_street,3rd Main Road,False,
1842455530,1842455527,0,28.23243175737539,40.0,2.540918858163785,residential,,False,
1842455530,1842455529,0,44.512564570655684,40.0,4.006130811359012,living_street,3rd Main Road,False,
1842455530,1842455531,0,86.8910538870759,40.0,7.82019484983683,living_street,3rd Main Road,False,
1842455531,253179989,0,29.51772493577705,40.0,2.6565952442199343,secondary,80 Feet Road,True,2
1842455531,1842455530,0,86.89105388707588,40.0,7.820194849836829,living_street,3rd Main Road,False,
1842455533,1842455534,0,50.48721525284445,40.0,4.543849372756,residential,9th Cross Road,False,
1842455533,4725358883,0,27.69877661024012,40.0,2.4928898949216105,residential,9th Cross Road,False,
1842455533,1842455536,0,46.03675081970092,40.0,4.1433075737730825,residential,9th Cross Road,False,
1842455534,1500742637,0,44.65129133266126,40.0,4.0186162199395135,residential,4th Main Road,False,
1842455534,1842455533,0,50.48721525284445,40.0,4.543849372756,residential,9th Cross Road,False,
1842455534,12107761085,0,99.94565444334853,40.0,8.995108899901368,residential,9th Cross Road,False,
1842455535,448307454,0,38.11645730570851,40.0,3.4304811575137655,residential,7th Main Road,False,
1842455535,1842455536,0,32.1614418591454,40.0,2.894529767323086,residential,7th Main Road,False,
1842455535,448307458,0,124.28696393162383,40.0,11.185826753846145,residential,"['8th Cross Road', '8th Main Road']",False,
1842455536,1842455535,0,32.1614418591454,40.0,2.894529767323086,residential,7th Main Road,False,
1842455536,1842455533,0,46.03675081970092,40.0,4.1433075737730825,residential,9th Cross Road,False,
1842455536,448305148,0,150.81001456946964,40.0,13.572901311252267,residential,7th Main Road,False,
2268586300,421265110,0,48.02581626815727,40.0,4.322323464134154,tertiary,Sri Krishna Temple Road,False,2
2268586300,3563294494,0,105.32079699215397,40.0,9.478871729293857,tertiary,Sri Krishna Temple Road,False,2
2268586300,3387828981,0,28.059606632222575,40.0,2.5253645969000313,residential,3rd A Cross Road,False,
2268586310,3387829500,0,42.193044731281354,40.0,3.797374025815322,residential,1st A Cross Road,False,
2268586310,2268586318,0,153.5102695365343,40.0,13.815924258288089,residential,,False,
2268586310,421265107,0,55.317874652381846,40.0,4.978608718714366,residential,1st A Cross Road,False,
2268586318,1563301989,0,26.27048411113973,40.0,2.3643435700025757,residential,1st Main Road,False,
2268586318,2268586310,0,153.5102695365343,40.0,13.815924258288089,residential,,False,
2268586318,5164915354,0,50.68413271912541,40.0,4.561571944721286,residential,1st Main Road,False,
2268586320,7488252819,0,42.27829533936811,40.0,3.805046580543129,residential,1st Main Road,False,
2268586320,2268586324,0,88.87784149470463,40.0,7.999005734523416,secondary,80 Feet Road,True,2
2268586322,1563301999,0,31.3042510034005,40.0,2.8173825903060448,residential,,False,
2268586322,4474675120,0,27.793441535206046,40.0,2.501409738168544,residential,,False,
2268586322,2268586328,0,71.04446527044239,40.0,6.394001874339815,residential,,False,
2268586324,253179982,0,29.849675784365875,40.0,2.6864708205929286,secondary,80 Feet Road,True,2
2268586324,1563301990,0,64.70280470427403,40.0,5.8232524233846625,residential,3rd B Cross,False,
2268586326,4474675127,0,14.389681013626637,40.0,1.2950712912263973,living_street,4th Cross Road,False,
2268586328,1328610664,0,30.325634599745925,40.0,2.729307113977133,residential,4th Cross Road,False,
2268586328,2268586322,0,71.04446527044239,40.0,6.394001874339815,residential,,False,
2268586328,4474675127,0,22.25598889208019,40.0,2.0030390002872167,living_street,4th Cross Road,False,
3152690637,4333461582,0,29.144540450120697,40.0,2.6230086405108626,residential,4th Cross Road,False,
3152690637,3370456525,0,47.176807500797366,40.0,4.245912675071763,residential,4th Cross Road,False,
3152690637,4474675140,0,158.6070116551225,40.0,14.274631048961025,residential,5th Cross Road,False,
3152690637,4474675122,0,102.76913335965324,40.0,9.249222002368791,"['residential', 'living_street']",,False,
3352035440,736207511,0,64.82196171303093,40.0,5.833976554172783,tertiary,2nd Main Road,False,
3352035441,3369913191,0,15.61870360361949,40.0,1.405683324325754,tertiary,Indiranagar Double Road,True,
3369884080,423744889,0,19.09148276518362,40.0,1.7182334488665258,residential,1st Main Road,False,2
3369884080,421262997,0,59.71135153965397,40.0,5.374021638568857,residential,6th Cross Road,False,
3369884080,421264374,0,74.31663146598697,40.0,6.688496831938828,residential,1st Main Road,False,2
3369884089,421264386,0,10.673782487949193,40.0,0.9606404239154274,residential,2nd Cross Road,False,
3369884089,3369884090,0,141.44667456491945,40.0,12.730200710842748,secondary,Chinmaya Mission Hospital Road,True,2
3369884089,421265112,0,30.81833430839753,40.0,2.7736500877557777,residential,2nd Cross Road,False,
3369884090,421264387,0,10.662110659729969,40.0,0.9595899593756972,residential,2nd Cross Road,False,
3369884090,3369884091,0,166.29038509637164,40.0,14.966134658673447,secondary,Chinmaya Mission Hospital Road,True,2
3369884090,421265109,0,71.29991734948214,40.0,6.416992561453393,residential,2nd Cross Road,False,
3369884091,421264364,0,9.358380595275875,40.0,0.8422542535748287,residential,1st A Cross Road,False,
3369884091,11497593334,0,94.70360773095952,40.0,8.523324695786357,secondary,Chinmaya Mission Hospital Road,True,2
3369884091,421265107,0,72.03240532788898,40.0,6.482916479510009,residential,1st A Cross Road,False,
3369913191,3352035440,0,55.43279960496374,40.0,4.988951964446737,tertiary,Indiranagar Double Road,True,
3370055425,736207552,0,29.134626426621786,40.0,2.622116378395961,residential,3rd Main Road,False,
3370055425,3370055428,0,44.832192552167015,40.0,4.034897329695031,residential,8th Cross Road - Zain Burj,False,
3370055425,3370171491,0,22.896921213127108,40.0,2.0607229091814396,residential,3rd Main Road,False,
3370055428,3370055430,0,44.195682970452076,40.0,3.9776114673406866,residential,8th Cross Road - Zain Burj,False,
3370055428,3370055425,0,44.832192552167015,40.0,4.034897329695031,residential,8th Cross Road - Zain Burj,False,
3370055428,3370175097,0,23.23298043217963,40.0,2.0909682388961666,residential,2nd A Main,False,
3370055428,3370175096,0,27.83555943361388,40.0,2.505200349025249,residential,2nd A Main,False,
3370055430,3370175098,0,22.370690927846976,40.0,2.013362183506228,tertiary,2nd Main Road,False,
3370055430,736207620,0,28.188625839690584,40.0,2.5369763255721525,tertiary,2nd Main Road,False,
3370055430,3370055428,0,44.195682970452076,40.0,3.9776114673406866,residential,8th Cross Road - Zain Burj,False,
3370171491,3370175097,0,45.112183841740126,40.0,4.060096545756611,residential,7th Cross Road,False,
3370171491,736207362,0,47.32719897587508,40.0,4.259447907828757,residential,3rd Main Road,False,
3370171491,3370055425,0,22.896921213127108,40.0,2.0607229091814396,residential,3rd Main Road,False,
3370175096,736207620,0,44.86449712840024,40.0,4.037804741556021,residential,9th Cross Road,False,
3370175096,736207552,0,44.51962754017213,40.0,4.006766478615491,residential,9th Cross Road,False,
3370175096,3370055428,0,27.83555943361388,40.0,2.505200349025249,residential,2nd A Main,False,
3370175097,3370175098,0,43.649197207228305,40.0,3.9284277486505474,residential,7th Cross Road,False,
3370175097,3370171491,0,45.112183841740126,40.0,4.060096545756611,residential,7th Cross Road,False,
3370175097,3370055428,0,23.23298043217963,40.0,2.0909682388961666,residential,2nd A Main,False,
3370175098,736207577,0,48.75722646248789,40.0,4.388150381623911,tertiary,2nd Main Road,False,
3370175098,3370055430,0,22.370690927846976,40.0,2.013362183506228,tertiary,2nd Main Road,False,
3370175098,3370175097,0,43.649197207228305,40.0,3.9284277486505474,residential,7th Cross Road,False,
3370456519,12107761085,0,7.975097616271956,40.0,0.717758785464476,tertiary,Thippasandra Main Road,False,4
3370456519,6136526267,0,46.65969374361525,40.0,4.199372436925372,secondary,80 Feet Road,True,2
3370456520,6485075159,0,102.07968640761904,40.0,9.187171776685712,tertiary,6th Main Road,True,
3370456520,12189334800,0,11.166311816197219,40.0,1.0049680634577496,tertiary,6th Main Road,False,
3370456525,3152690637,0,47.176807500797366,40.0,4.245912675071763,residential,4th Cross Road,False,
3370456525,10182013927,0,120.17477335926817,40.0,10.815729602334136,secondary,80 Feet Road,True,2
3384284847,7488252791,0,80.28997289496606,40.0,7.226097560546945,residential,,False,
3384284869,7488252791,0,3.7895657134950334,40.0,0.341060914214553,residential,,False,
3384284869,3384288941,0,51.61823594249171,40.0,4.645641234824254,residential,,False,
3384284869,3384284888,0,52.356928489246485,40.0,4.712123564032184,residential,,False,
3384284888,3384284869,0,52.356928489246485,40.0,4.712123564032184,residential,,False,
3384288941,3384284869,0,51.61823594249171,40.0,4.645641234824254,residential,,False,
3384288941,12692472177,0,82.24952572688855,40.0,7.402457315419969,primary,Swamy Vivekananda Road,True,3
3387828981,2268586300,0,28.059606632222575,40.0,2.5253645969000313,residential,3rd A Cross Road,False,
3387829500,7488252816,0,29.067572945666296,40.0,2.6160815651099663,residential,1st Main Road,False,
3387829500,2268586310,0,42.193044731281354,40.0,3.797374025815322,residential,1st A Cross Road,False,
3387829500,1563301992,0,8.655639093054642,40.0,0.7790075183749178,residential,1st A Cross Road,False,
3389131729,7488252791,0,50.62001765538629,40.0,4.555801588984766,residential,,False,
3506426909,423744886,0,144.03492861409694,40.0,12.963143575268724,residential,Old Syndicate Bank Road,False,
3506426909,423744887,0,141.20513446514514,40.0,12.708462101863061,residential,Old Syndicate Bank Road,False,
3506426909,421264375,0,56.49940657079253,40.0,5.084946591371327,residential,2nd Cross Road,False,
3506426909,421264386,0,75.13246389845871,40.0,6.761921750861283,residential,2nd Cross Road,False,
3530536223,1339408101,0,23.635414864043703,40.0,2.127187337763933,residential,9th Main Road,False,
3530536223,3530536224,0,24.813903084813425,40.0,2.233251277633208,residential,9th Main Road,False,
3530536223,3530536226,0,73.32831064295993,40.0,6.599547957866394,residential,4th D Cross Road,False,
3530536224,3530536223,0,24.813903084813425,40.0,2.233251277633208,residential,9th Main Road,False,
3530536224,4474692831,0,22.184311335061203,40.0,1.9965880201555082,residential,9th Main Road,False,
3530536224,3530536225,0,68.79957237069011,40.0,6.19196151336211,residential,4th C Cross Road,False,
3530536225,3530536226,0,22.77721213326246,40.0,2.049949091993621,residential,8th A Main Road,False,
3530536225,1339408083,0,25.216517667146018,40.0,2.2694865900431416,residential,8th A Main Road,False,
3530536225,3530536224,0,68.79957237069011,40.0,6.19196151336211,residential,4th C Cross Road,False,
3530536226,1339408186,0,24.86959140689668,40.0,2.238263226620701,residential,8th A Main Road,False,
3530536226,3530536225,0,22.77721213326246,40.0,2.049949091993621,residential,8th A Main Road,False,
3530536226,3530536223,0,73.32831064295993,40.0,6.599547957866394,residential,4th D Cross Road,False,
3530536227,3530536228,0,35.29492703928674,40.0,3.176543433535806,residential,6th Main Road,False,
3530536227,1500356614,0,35.10445704445118,40.0,3.159401134000606,residential,6th Main Road,False,
3530536227,3530536231,0,72.50904919284685,40.0,6.525814427356216,residential,5th B Cross Road,False,
3530536228,3530536229,0,32.70406641093457,40.0,2.943365976984112,residential,6th Main Road,False,
3530536228,3530536227,0,35.29492703928674,40.0,3.176543433535806,residential,6th Main Road,False,
3530536228,3530536232,0,78.61656426750191,40.0,7.075490784075171,residential,,False,
3530536229,1500356623,0,45.85740780223559,40.0,4.127166702201203,residential,6th Main Road,False,
3530536229,3530536228,0,32.70406641093457,40.0,2.943365976984112,residential,6th Main Road,False,
3530536229,6197065812,0,32.7359845144179,40.0,2.946238606297611,residential,,False,
3530536230,3530536232,0,33.22369889691944,40.0,2.9901329007227493,residential,4th Main Road,False,
3530536230,1500356589,0,61.524785609266736,40.0,5.5372307048340055,residential,4th Main Road,False,
3530536230,6424016578,0,32.11816202320277,40.0,2.8906345820882495,residential,,False,
3530536231,1500356611,0,34.65539105186423,40.0,3.1189851946677805,residential,4th Main Road,False,
3530536231,1317176299,0,9.69396832649928,40.0,0.8724571493849353,residential,4th Main Road,False,
3530536231,3530536227,0,72.50904919284685,40.0,6.525814427356216,residential,5th B Cross Road,False,
3530536232,1317176299,0,28.88403909525369,40.0,2.599563518572832,residential,4th Main Road,False,
3530536232,3530536230,0,33.22369889691944,40.0,2.9901329007227493,residential,4th Main Road,False,
3530536232,3530536228,0,78.61656426750191,40.0,7.075490784075171,residential,,False,
3563294493,1462139769,0,25.48545611422713,40.0,2.2936910502804415,residential,5th Main Road,False,
3563294493,1462139757,0,34.85838638819908,40.0,3.1372547749379174,residential,5th Main Road,False,
3563294493,3563294494,0,99.56415932556331,40.0,8.960774339300698,residential,1st Cross Road,False,
3563294494,2268586300,0,105.32079699215397,40.0,9.478871729293857,tertiary,Sri Krishna Temple Road,False,2
3563294494,355428742,0,40.0901716392668,40.0,3.608115447534012,tertiary,Sri Krishna Temple Road,False,2
3563294494,3563294493,0,99.56415932556331,40.0,8.960774339300698,residential,1st Cross Road,False,
3706026737,1842455499,0,33.82583778112376,40.0,3.044325400301138,residential,10th Cross Road,False,
3726120778,3726120783,0,34.238212062218196,40.0,3.081439085599637,living_street,,False,
3726120778,12692472178,0,96.81397373662611,40.0,8.71325763629635,primary,Swamy Vivekananda Road,True,2
3726120783,3726120778,0,34.238212062218196,40.0,3.081439085599637,living_street,,False,
3726150980,1462139769,0,66.40098498603972,40.0,5.976088648743574,residential,5th Main Road,False,
3887138916,3887138936,0,86.88644828881384,40.0,7.819780345993245,residential,8th Cross Road,False,
3887138916,1842455497,0,31.23956910950246,40.0,2.8115612198552213,residential,11th Main Road,False,
3887138916,448307453,0,42.77078008434421,40.0,3.849370207590979,residential,11th Main Road,False,
3887138936,448307457,0,42.094317548758646,40.0,3.7884885793882783,residential,10th Main Road,False,
3887138936,3887138937,0,65.83568742513428,40.0,5.9252118682620845,residential,8th Cross Road,False,
3887138936,3887138916,0,86.88644828881384,40.0,7.819780345993245,residential,8th Cross Road,False,
3887138937,3887138936,0,65.83568742513428,40.0,5.9252118682620845,residential,8th Cross Road,False,
4101591489,1563314098,0,30.99695072161575,40.0,2.7897255649454173,residential,3rd Main Road,False,
4101591489,1462139760,0,172.95831911570897,40.0,15.566248720413807,residential,3rd Main Road,False,
4101591489,5375145474,0,159.15513318066021,40.0,14.323961986259418,residential,,False,
4202330449,4202330450,0,84.91004012203013,40.0,7.641903610982712,residential,8th Main Road,False,
4202330449,4202330453,0,41.375187066268296,40.0,3.7237668359641467,residential,5th Cross Road,False,
4202330449,448307449,0,48.80989840870579,40.0,4.392890856783521,residential,8th Main Road,False,
4202330450,448307458,0,48.48463197556924,40.0,4.363616877801232,residential,8th Main Road,False,
4202330450,4202330449,0,84.91004012203013,40.0,7.641903610982712,residential,8th Main Road,False,
4202330450,4202330456,0,42.13700933342606,40.0,3.7923308400083453,residential,6th Cross Road,False,
4202330453,4202330456,0,84.2055983537664,40.0,7.578503851838977,residential,7th B Main Road,False,
4202330453,4202330449,0,41.375187066268296,40.0,3.7237668359641467,residential,5th Cross Road,False,
4202330453,4202330457,0,47.95381631370696,40.0,4.315843468233626,residential,5th Cross Road,False,
4202330456,4202330453,0,84.2055983537664,40.0,7.578503851838977,residential,7th B Main Road,False,
4202330456,4202330458,0,46.69292633819397,40.0,4.202363370437457,residential,6th Cross Road,False,
4202330456,4202330450,0,42.13700933342606,40.0,3.7923308400083453,residential,6th Cross Road,False,
4202330457,423744834,0,49.91495715684552,40.0,4.492346144116096,residential,7th Main Road,False,
4202330457,4202330458,0,83.44850734687384,40.0,7.510365661218645,residential,7th Main Road,False,
4202330457,4202330453,0,47.95381631370696,40.0,4.315843468233626,residential,5th Cross Road,False,
4202330458,4202330457,0,83.44850734687384,40.0,7.510365661218645,residential,7th Main Road,False,
4202330458,448307454,0,49.32977678824998,40.0,4.439679910942498,residential,7th Main Road,False,
4202330458,4202330456,0,46.69292633819397,40.0,4.202363370437457,residential,6th Cross Road,False,
4202336813,423744839,0,45.027874624625184,40.0,4.052508716216266,residential,11th Main Road,False,
4202336813,4202336815,0,87.54463285715026,40.0,7.879016957143524,residential,5th Cross Road,False,
4202336813,4202336814,0,93.0137616293809,40.0,8.37123854664428,residential,11th Main Road,False,
4202336814,448307453,0,44.87774404314036,40.0,4.038996963882632,residential,11th Main Road,False,
4202336814,4202336816,0,87.1467873126205,40.0,7.843210858135845,residential,6th Cross Road,False,
4202336814,4202336813,0,93.0137616293809,40.0,8.37123854664428,residential,11th Main Road,False,
4202336815,478415543,0,47.43665370948358,40.0,4.269298833853522,residential,10th Main Road,False,
4202336815,4202336813,0,87.54463285715026,40.0,7.879016957143524,residential,5th Cross Road,False,
4202336815,4202336816,0,91.56255312230195,40.0,8.240629781007176,residential,10th Main Road,False,
4202336816,448307457,0,44.06221557425904,40.0,3.965599401683314,residential,10th Main Road,False,
4202336816,4202336814,0,87.1467873126205,40.0,7.843210858135845,residential,6th Cross Road,False,
4202336816,4202336815,0,91.56255312230195,40.0,8.240629781007176,residential,10th Main Road,False,
4333461582,3152690637,0,29.144540450120697,40.0,2.6230086405108626,residential,4th Cross Road,False,
4333461582,1328610664,0,27.039677444682464,40.0,2.433570970021422,residential,4th Cross Road,False,
4333461582,4333461584,0,40.818297322621554,40.0,3.6736467590359396,residential,,False,
4333461584,4333461582,0,40.818297322621554,40.0,3.6736467590359396,residential,,False,
4386562995,4386562996,0,16.599732847119597,40.0,1.4939759562407635,residential,4th Cross Road,False,
4386562996,4386562998,0,40.3907848767598,40.0,3.635170638908382,living_street,2nd Cross Road,False,
4386562996,4386562995,0,16.599732847119597,40.0,1.4939759562407635,residential,4th Cross Road,False,
4386562996,5469373780,0,27.85064366046926,40.0,2.5065579294422333,residential,4th Cross Road,False,
4386562996,5469373779,0,78.64160436375427,40.0,7.077744392737884,"['residential', 'living_street']","['1A Road', '2nd Cross Road']",False,
4386562998,4386562996,0,40.3907848767598,40.0,3.635170638908382,living_street,2nd Cross Road,False,
4386562999,1563316282,0,86.65378946067163,40.0,7.798841051460447,residential,4th B Cross Road,False,
4386562999,1563316282,1,83.04341355529755,40.0,7.4739072199767795,residential,4th B Cross,False,
4386562999,1563306444,0,25.332487347521802,40.0,2.279923861276962,residential,4th B Cross,False,
4386563000,4386563001,0,112.5276842932806,40.0,10.127491586395253,residential,5th Cross Road,False,
4386563001,4386563000,0,112.5276842932806,40.0,10.127491586395253,residential,5th Cross Road,False,
4386563001,9351941623,0,374.28801960989915,40.0,33.68592176489092,secondary,80 Feet Road,True,2
4467762320,1563309904,0,26.192835404213348,40.0,2.357355186379201,residential,1st Main Road,False,
4474675120,2268586322,0,27.793441535206046,40.0,2.501409738168544,residential,,False,
4474675120,1563301979,0,8.787737364210154,40.0,0.7908963627789138,residential,,False,
4474675120,4474675127,0,73.93118341201966,40.0,6.65380650708177,living_street,,False,
4474675122,3152690637,0,102.76913335965324,40.0,9.249222002368791,"['residential', 'living_street']",,False,
4474675127,2268586326,0,14.389681013626637,40.0,1.2950712912263973,living_street,4th Cross Road,False,
4474675127,2268586328,0,22.25598889208019,40.0,2.0030390002872167,living_street,4th Cross Road,False,
4474675127,4474675120,0,73.93118341201968,40.0,6.653806507081771,living_street,,False,
4474675140,3152690637,0,158.60701165512248,40.0,14.274631048961023,residential,5th Cross Road,False,
4474692831,3530536224,0,22.184311335061203,40.0,1.9965880201555082,residential,9th Main Road,False,
4474692831,1339408212,0,22.141607759876432,40.0,1.992744698388879,residential,9th Main Road,False,
4474692831,1339408083,0,63.62186956638259,40.0,5.725968260974433,residential,4th B Cross Road,False,
4474692928,1336840471,0,98.57031559381704,40.0,8.871328403443533,residential,8th Main Road,False,2
4474692928,1500356616,0,29.702507028355246,40.0,2.673225632551972,residential,8th Main Road,False,2
4474692928,1339408095,0,27.860012686722445,40.0,2.50740114180502,residential,4th A Cross Road,False,
4725358883,1842455533,0,27.69877661024012,40.0,2.4928898949216105,residential,9th Cross Road,False,
5164915354,1563301992,0,50.140552521048726,40.0,4.512649726894385,residential,1st Main Road,False,
5164915354,2268586318,0,50.68413271912541,40.0,4.561571944721286,residential,1st Main Road,False,
5164915354,5469373779,0,87.91369821443769,40.0,7.912232839299391,residential,"['1st B Cross Road', '1A Road']",False,
5251934694,5251934695,0,82.00919154424291,40.0,7.380827238981862,residential,11th Cross Road,False,
5251934695,5251934694,0,82.00919154424291,40.0,7.380827238981862,residential,11th Cross Road,False,
5251934695,1842455499,0,45.460846473649994,40.0,4.091476182628499,residential,11th Main Road,False,
5251934695,253179991,0,56.386464415079566,40.0,5.0747817973571605,residential,11th Main Road,False,
5336663607,1563301990,0,25.109086682034068,40.0,2.259817801383066,residential,1st A Cross,False,
5336663607,11497593348,0,64.59679791505295,40.0,5.813711812354765,living_street,2nd Cross Road,False,
5336663607,1563301992,0,64.06999345339821,40.0,5.766299410805839,residential,1st A Cross Road,False,
5375145474,1462139760,0,73.78292440984046,40.0,6.640463196885642,residential,5th Cross Road,False,
5375145474,1462139769,0,142.57194097649295,40.0,12.831474687884365,residential,5th Cross Road,False,
5375145474,4101591489,0,159.15513318066021,40.0,14.323961986259418,residential,,False,
5469373779,5469373780,0,44.93681911000176,40.0,4.044313719900158,living_street,,False,
5469373779,5164915354,0,87.91369821443769,40.0,7.912232839299391,residential,"['1st B Cross Road', '1A Road']",False,
5469373779,4386562996,0,78.64160436375425,40.0,7.077744392737882,"['residential', 'living_street']","['1A Road', '2nd Cross Road']",False,
5469373780,4386562996,0,27.85064366046926,40.0,2.5065579294422333,residential,4th Cross Road,False,
5469373780,5469373779,0,44.93681911000176,40.0,4.044313719900158,living_street,,False,
5469373780,5469373781,0,43.82337551097652,40.0,3.9441037959878864,living_street,,False,
5469373780,10182013933,0,28.404354569199946,40.0,2.556391911227995,residential,4th Cross Road,False,
5469373781,5469373780,0,43.82337551097652,40.0,3.9441037959878864,living_street,,False,
6133955228,1420066803,0,38.88609841257519,40.0,3.499748857131767,secondary,80 Feet Road,False,2
6133955228,1500736131,0,75.85879166449078,40.0,6.82729124980417,residential,9th Main Road,False,
6136526267,253179989,0,7.581070594741002,40.0,0.6822963535266902,residential,9th Main Road,False,
6136526267,12107761069,0,79.72508973345566,40.0,7.1752580760110085,secondary,80 Feet Road,True,2
6137935141,6137935142,0,8.129356841974268,40.0,0.731642115777684,secondary_link,,False,
6137935142,6137935141,0,8.129356841974268,40.0,0.731642115777684,secondary_link,,False,
6137935142,11497593335,0,74.26075590470606,40.0,6.683468031423545,secondary,80 Feet Road,True,2
6197065811,1500356623,0,33.08285213082402,40.0,2.9774566917741616,residential,5th Cross Road,False,
6197065811,6424016579,0,20.052327753655884,40.0,1.8047094978290297,residential,5th Cross Road,False,
6197065811,6197065812,0,50.79550810506794,40.0,4.5715957294561145,residential,5th A Main Road,False,
6197065812,6424016578,0,18.49967163400972,40.0,1.6649704470608746,residential,,False,
6197065812,3530536229,0,32.7359845144179,40.0,2.946238606297611,residential,,False,
6197065812,6197065811,0,50.79550810506794,40.0,4.5715957294561145,residential,5th A Main Road,False,
6424016578,3530536230,0,32.11816202320277,40.0,2.8906345820882495,residential,,False,
6424016578,6197065812,0,18.49967163400972,40.0,1.6649704470608746,residential,,False,
6424016578,6424016579,0,53.86963862745169,40.0,4.848267476470652,residential,,False,
6424016579,6197065811,0,20.052327753655884,40.0,1.8047094978290297,residential,5th Cross Road,False,
6424016579,1500356589,0,41.56222142843189,40.0,3.74059992855887,residential,5th Cross Road,False,
6424016579,6424016578,0,53.86963862745169,40.0,4.848267476470652,residential,,False,
6426357731,1500356596,0,31.54758722247046,40.0,2.8392828500223413,residential,1st Cross Road,False,
6426357731,1317176280,0,36.5222882819896,40.0,3.2870059453790645,residential,1st Cross Road,False,
6426357731,6426357732,0,108.32312379553754,40.0,9.74908114159838,residential,5th Main Road,False,
6426357732,6426357731,0,108.32312379553754,40.0,9.74908114159838,residential,5th Main Road,False,
6426357732,1500356611,0,38.79618129436963,40.0,3.4916563164932666,residential,4th Cross Road,False,
6426357732,1500356614,0,32.56206485779133,40.0,2.9305858372012192,residential,4th Cross Road,False,
6485070843,11497616784,0,10.038425378909992,40.0,0.9034582841018992,tertiary,12th Main Road,True,
6485070845,412119404,0,60.23595365664404,40.0,5.421235829097963,residential,1st Cross Road,False,
6485070845,6485070847,0,136.80305909580954,40.0,12.312275318622858,tertiary,12th Main Road,True,
6485070847,423744840,0,11.425187430097326,40.0,1.0282668687087593,tertiary,12th Main Road,False,2
6485075159,421264368,0,58.20577422875112,40.0,5.238519680587601,tertiary,6th Main Road,False,
6485075159,3370456520,0,101.79611846883893,40.0,9.161650662195504,tertiary,6th Main Road,True,
6901551440,3352035441,0,9.301487542191381,40.0,0.8371338787972242,tertiary,Indiranagar Double Road,True,
6901551440,3726120778,0,262.586717460268,40.0,23.63280457142412,primary,Swamy Vivekananda Road,True,2
7488252791,3384284869,0,3.7895657134950334,40.0,0.341060914214553,residential,,False,
7488252791,3389131729,0,50.62001765538629,40.0,4.555801588984766,residential,,False,
7488252791,3384284847,0,80.28997289496606,40.0,7.226097560546945,residential,,False,
7488252816,7488252819,0,5.0889123375161365,40.0,0.4580021103764523,residential,1st Main Road,False,
7488252816,3387829500,0,29.067572945666296,40.0,2.6160815651099663,residential,1st Main Road,False,
7488252816,7488252817,0,20.945733050830682,40.0,1.8851159745747612,residential,,False,
7488252817,7488252816,0,20.945733050830682,40.0,1.8851159745747612,residential,,False,
7488252818,7488252819,0,23.816976415116162,40.0,2.1435278773604547,residential,,False,
7488252819,7488252816,0,5.0889123375161365,40.0,0.4580021103764523,residential,1st Main Road,False,
7488252819,7488252818,0,23.816976415116162,40.0,2.1435278773604547,residential,,False,
7488252819,2268586320,0,42.27829533936811,40.0,3.805046580543129,residential,1st Main Road,False,
9351941623,3384288941,0,429.619774124302,40.0,38.66577967118718,primary,Swamy Vivekananda Road,True,3
10182013927,11497593344,0,94.46191251107662,40.0,8.501572125996896,secondary,80 Feet Road,True,2
10182013927,10182013928,0,42.27246704915838,40.0,3.804522034424254,living_street,,False,
10182013928,10182013927,0,42.27246704915838,40.0,3.804522034424254,living_street,,False,
10182013932,10182013933,0,36.59571883704501,40.0,3.2936146953340515,living_street,,False,
10182013933,10182013932,0,36.59571883704501,40.0,3.2936146953340515,living_street,,False,
10182013933,5469373780,0,28.404354569199946,40.0,2.556391911227995,residential,4th Cross Road,False,
10182013933,253179982,0,91.90893905286062,40.0,8.271804514757456,residential,4th Cross Road,False,
10291078964,9351941623,0,10.784155824059752,40.0,0.9705740241653777,primary,Swamy Vivekananda Road,True,3
10291078964,12239510691,0,407.7884029537985,40.0,36.70095626584186,secondary,80 Feet Road,True,2
11012314119,1842455501,0,18.727490614396356,40.0,1.685474155295672,residential,9th Cross Road,False,
11012314119,11012314120,0,34.067969493361176,40.0,3.0661172544025055,living_street,,False,
11012314119,1500742635,0,97.0156161409027,40.0,8.731405452681242,residential,"['9th Main Road', '9th Cross Road']",False,
11012314120,11012314119,0,34.067969493361176,40.0,3.0661172544025055,living_street,,False,
11012318041,1500741750,0,68.3348119663945,40.0,6.1501330769755045,residential,3rd Cross Road,False,
11012318041,1500741746,0,36.26609127542813,40.0,3.263948214788532,residential,3rd Cross Road,False,
11012318041,11012318042,0,80.10237626302774,40.0,7.209213863672496,residential,3rd Cross Street,False,
11012318042,1500741750,0,27.310737863085965,40.0,2.4579664076777368,residential,2nd Main Road,False,
11012318042,1500741747,0,40.29399854788415,40.0,3.6264598693095738,residential,2nd Main Road,False,
11012318042,11012318041,0,80.10237626302774,40.0,7.209213863672496,residential,3rd Cross Street,False,
11015767999,12107777014,0,9.297734649292563,40.0,0.8367961184363306,secondary,80 Feet Road,True,2
11386898670,1563316282,0,11.472778856039092,40.0,1.0325500970435182,residential,,False,
11494414329,421264366,0,132.01165869008338,40.0,11.881049282107504,primary,100 Feet Road,True,2
11494414330,11494414329,0,9.406481147988268,40.0,0.8465833033189442,primary,100 Feet Road,True,2
11494414330,3369884089,0,212.6034913796557,40.0,19.134314224169014,secondary,Chinmaya Mission Hospital Road,True,2
11497593334,11015767999,0,7.241609184899199,40.0,0.6517448266409279,secondary,Chinmaya Mission Hospital Road,True,
11497593334,11497593343,0,72.62769786468881,40.0,6.536492807821992,secondary,80 Feet Road,True,2
11497593335,11497593334,0,9.489589823044911,40.0,0.854063084074042,secondary,80 Feet Road,True,
11497593335,421264364,0,94.79386740175462,40.0,8.531448066157916,secondary,Chinmaya Mission Hospital Road,True,2
11497593343,11497593344,0,7.5000439504839065,40.0,0.6750039555435515,residential,1st Main Road,False,
11497593343,421265107,0,86.76118430694308,40.0,7.808506587624876,tertiary,Sri Krishna Temple Road,False,2
11497593343,2268586320,0,106.1251603071909,40.0,9.55126442764718,secondary,80 Feet Road,True,2
11497593344,11497593343,0,7.5000439504839065,40.0,0.6750039555435515,residential,1st Main Road,False,
11497593344,1563301976,0,171.75834576484783,40.0,15.458251118836305,residential,1st Main Road,False,
11497593344,11015767999,0,72.94039181286557,40.0,6.564635263157902,secondary,80 Feet Road,True,2
11497593348,5336663607,0,64.59679791505295,40.0,5.813711812354765,living_street,2nd Cross Road,False,
11497616784,6485070845,0,65.53719089278076,40.0,5.898347180350268,tertiary,12th Main Road,True,
11497616798,423744887,0,64.45053749495207,40.0,5.800548374545686,residential,Old Syndicate Bank Road,False,
11909580134,6901551440,0,6.255383527314924,40.0,0.5629845174583431,primary,Swamy Vivekananda Road,True,2
12107761069,1842455524,0,6.618727031292484,40.0,0.5956854328163235,residential,1st Main Road,False,
12107761069,12107761079,0,8.872957669447564,40.0,0.7985661902502807,secondary,80 Feet Road,True,2
12107761079,1842455524,0,9.259308046133448,40.0,0.8333377241520104,secondary,80 Feet Road,True,2
12107761079,253179991,0,107.95015888837608,40.0,9.715514299953847,secondary,80 Feet Road,False,4
12107761085,3370456519,0,7.975097616271956,40.0,0.717758785464476,tertiary,Thippasandra Main Road,False,4
12107761085,1842455534,0,99.94565444334853,40.0,8.995108899901368,residential,9th Cross Road,False,
12107761085,448305148,0,44.04085970285092,40.0,3.963677373256583,secondary,80 Feet Road,True,2
12107777014,11497593335,0,7.41983435309943,40.0,0.6677850917789486,secondary,Chinmaya Mission Hospital Road,True,
12107777014,6137935141,0,74.75063966433345,40.0,6.72755756979001,secondary,80 Feet Road,True,2
12189334800,421264365,0,59.98183692249395,40.0,5.398365323024455,secondary,80 Feet Road,True,2
12189334800,3370456520,0,11.166311816197219,40.0,1.0049680634577496,tertiary,6th Main Road,False,
12239510691,1563306444,0,7.272366200173816,40.0,0.6545129580156435,residential,,False,
12239510691,3370456525,0,111.24885423203361,40.0,10.012396880883024,secondary,80 Feet Road,True,2
12364203537,1563301990,0,6.360368018430381,40.0,0.5724331216587343,residential,1st A Cross,False,
12692472176,12692472178,0,9.530848691806137,40.0,0.8577763822625523,primary,100 Feet Road,True,2
12692472176,736207255,0,272.7264517428231,40.0,24.545380656854075,primary,Swamy Vivekananda Road,True,3
12692472177,12692472176,0,9.94172673548129,40.0,0.894755406193316,primary,Swamy Vivekananda Road,True,3
12692472177,287908996,0,180.1291761787852,40.0,16.21162585609067,primary,100 Feet Road,True,2
12692472178,12692472179,0,8.718432468027208,40.0,0.7846589221224488,primary,Swamy Vivekananda Road,True,2
12692472179,12692472177,0,10.248354049423686,40.0,0.9223518644481317,primary,100 Feet Road,True,2
13373931596,448306395,0,205.21301088426097,40.0,18.469170979583488,primary,100 Feet Road,True,2
13373931596,421264381,0,68.08269313099309,40.0,6.127442381789378,tertiary,6th Main Road,False,
13849804075,1756917763,0,75.07199076927866,40.0,6.756479169235079,tertiary,Sri Krishna Temple Road,False,2
13849804075,421265110,0,37.75924535155143,40.0,3.3983320816396287,tertiary,Sri Krishna Temple Road,False,2
13849804075,421265112,0,44.88879952978152,40.0,4.039991957680337,residential,2nd Cross Road,False,
